Plate,Kelp_species,Type,Plate_numb,Morpho_species,Species_genetic,Species_updated,Unique DNA,Period,Date_recorded,Density_cm,Area_cm,Sample,Rep,Unique_site,Date_released,Note
1.4,Macrocystis,Articulate,1,Bossiella orbigniana,,Bossiella orbigniana,-,1,2021-09-08,15.66207879,2.107,Full,1,Macro_1,2021-07-22,
1.4,Macrocystis,Articulate,1,Bossiella orbigniana,,Bossiella orbigniana,-,2,2021-09-15,6.644518272,2.107,Full,1,Macro_1,2021-07-22,
12.1,Macrocystis,Articulate,12,Bossiella orbigniana,,Bossiella orbigniana,-,1,2021-09-08,2.223869533,2.698,Full,6,Macro_6,2021-07-22,
12.1,Macrocystis,Articulate,12,Bossiella orbigniana,,Bossiella orbigniana,-,2,2021-09-15,5.559673832,2.698,Full,6,Macro_6,2021-07-22,
4.3,Macrocystis,Articulate,4,Bossiella orbigniana,,Bossiella orbigniana,-,1,2021-09-08,45.49675023,2.154,Full,2,Macro_2,2021-07-22,
4.3,Macrocystis,Articulate,4,Bossiella orbigniana,,Bossiella orbigniana,-,2,2021-09-15,58.03156917,2.154,Full,2,Macro_2,2021-07-22,
6.4,Macrocystis,Articulate,6,Bossiella orbigniana,,Bossiella orbigniana,-,1,2021-09-08,24.23263328,1.857,Full,3,Macro_3,2021-07-22,
6.4,Macrocystis,Articulate,6,Bossiella orbigniana,,Bossiella orbigniana,-,2,2021-09-15,56.54281099,1.857,Full,3,Macro_3,2021-07-22,
7.4,Macrocystis,Articulate,7,Bossiella orbigniana,,Bossiella orbigniana,-,1,2021-09-08,30.43022036,1.906,Full,4,Macro_4,2021-07-22,
7.4,Macrocystis,Articulate,7,Bossiella orbigniana,,Bossiella orbigniana,-,2,2021-09-15,49.31794334,1.906,Full,4,Macro_4,2021-07-22,
9.2,Macrocystis,Articulate,9,Bossiella orbigniana,,Bossiella orbigniana,-,1,2021-09-08,31.29770992,2.62,Full,5,Macro_5,2021-07-22,
9.2,Macrocystis,Articulate,9,Bossiella orbigniana,,Bossiella orbigniana,-,2,2021-09-15,50,2.62,Full,5,Macro_5,2021-07-22,
14.2,Nereocystis,Articulate,14,Bossiella orbigniana,Bossiella orbigniana,Bossiella orbigniana,-,1,2021-09-07,101.8755328,2.346,Full,1,Nereocystis_1,2021-07-22,
14.2,Nereocystis,Articulate,14,Bossiella orbigniana,Bossiella orbigniana,Bossiella orbigniana,-,2,2021-09-14,246.8030691,2.346,Full,1,Nereocystis_1,2021-07-22,
16.6,Nereocystis,Articulate,16,Bossiella orbigniana,,Bossiella orbigniana,-,1,2021-09-07,210.816777,1.812,Subsample,2,Nereocystis_2,2021-07-22,
16.6,Nereocystis,Articulate,16,Bossiella orbigniana,,Bossiella orbigniana,-,2,2021-09-14,269.3156733,1.812,Full,2,Nereocystis_2,2021-07-22,
17.1,Nereocystis,Articulate,17,Bossiella orbigniana,,Bossiella orbigniana,-,1,2021-09-07,83.66141732,2.032,Subsample,3,Nereocystis_3,2021-07-22,
17.1,Nereocystis,Articulate,17,Bossiella orbigniana,,Bossiella orbigniana,-,2,2021-09-14,72.83464567,2.032,Full,3,Nereocystis_3,2021-07-22,
20.3,Nereocystis,Articulate,20,Bossiella orbigniana,,Bossiella orbigniana,-,1,2021-09-07,132.5115562,1.298,Full,4,Nereocystis_4,2021-07-22,
20.3,Nereocystis,Articulate,20,Bossiella orbigniana,,Bossiella orbigniana,-,2,2021-09-14,140.2157165,1.298,Full,4,Nereocystis_4,2021-07-22,
22.6,Nereocystis,Articulate,22,Bossiella orbigniana,,Bossiella orbigniana,-,1,2021-09-07,82.92945611,1.857,Full,5,Nereocystis_5,2021-07-22,
22.6,Nereocystis,Articulate,22,Bossiella orbigniana,,Bossiella orbigniana,-,2,2021-09-14,129.7792138,1.857,Full,5,Nereocystis_5,2021-07-22,
24.6,Nereocystis,Articulate,24,Bossiella orbigniana,,Bossiella orbigniana,-,1,2021-09-07,71.15869018,1.588,Full,6,Nereocystis_6,2021-07-22,
24.6,Nereocystis,Articulate,24,Bossiella orbigniana,,Bossiella orbigniana,-,2,2021-09-14,79.34508816,1.588,Full,6,Nereocystis_6,2021-07-22,
11.2,Costaria Costata,Articulate,11,Bossiella schmitti,Bossiella schmittii,Bossiella schmittii,-,1,2020-10-02,10.04394225,1.593,Full,1,Costaria_1,2020-07-30,
11.2,Costaria Costata,Articulate,11,Bossiella schmitti,Bossiella schmittii,Bossiella schmittii,-,2,2020-10-08,5.649717514,1.593,Full,1,Costaria_1,2020-07-30,
14.1,Costaria Costata,Articulate,14,Bossiella schmitti,,Bossiella schmittii,-,1,2020-10-02,11.47028154,0.959,Full,2,Costaria_2,2020-07-30,
14.1,Costaria Costata,Articulate,14,Bossiella schmitti,,Bossiella schmittii,-,2,2020-10-08,8.342022941,0.959,Full,2,Costaria_2,2020-07-30,
15.6,Costaria Costata,Articulate,15,Bossiella schmitti,,Bossiella schmittii,-,1,2020-10-02,9.769094139,1.126,Full,3,Costaria_3,2020-07-30,
15.6,Costaria Costata,Articulate,15,Bossiella schmitti,,Bossiella schmittii,-,2,2020-10-08,13.32149201,1.126,Full,3,Costaria_3,2020-07-30,
18.4,Costaria Costata,Articulate,18,Bossiella schmitti,,Bossiella schmittii,-,1,2020-10-02,21.77858439,1.102,Full,4,Costaria_4,2020-07-30,
18.4,Costaria Costata,Articulate,18,Bossiella schmitti,,Bossiella schmittii,-,2,2020-10-08,28.13067151,1.102,Full,4,Costaria_4,2020-07-30,
20.3,Costaria Costata,Articulate,20,Bossiella schmitti,,Bossiella schmittii,-,1,2020-10-02,48.48484848,0.99,Full,5,Costaria_5,2020-07-30,
20.3,Costaria Costata,Articulate,20,Bossiella schmitti,,Bossiella schmittii,-,2,2020-10-08,NA,0.99,Full,5,Costaria_5,2020-07-30,
1.6,Macrocystis,Articulate,1,Bossiella schmitti,,Bossiella schmittii,-,1,2021-09-08,48.78971256,2.644,Full,1,Macro_1,2021-07-22,
1.6,Macrocystis,Articulate,1,Bossiella schmitti,,Bossiella schmittii,-,2,2021-09-15,50.30257186,2.644,Full,1,Macro_1,2021-07-22,
11.4,Macrocystis,Articulate,11,Bossiella schmitti,,Bossiella schmittii,-,1,2021-09-08,14.0591204,2.774,Full,6,Macro_6,2021-07-22,
11.4,Macrocystis,Articulate,11,Bossiella schmitti,,Bossiella schmittii,-,2,2021-09-15,11.8961788,2.774,Full,6,Macro_6,2021-07-22,
3.1,Macrocystis,Articulate,3,Bossiella schmitti,,Bossiella schmittii,-,1,2021-09-08,37.34439834,2.41,Full,2,Macro_2,2021-07-22,
3.1,Macrocystis,Articulate,3,Bossiella schmitti,,Bossiella schmittii,-,2,2021-09-15,42.32365145,2.41,Full,2,Macro_2,2021-07-22,
6.5,Macrocystis,Articulate,6,Bossiella schmitti,,Bossiella schmittii,-,1,2021-09-08,95.70831751,2.633,Full,3,Macro_3,2021-07-22,
6.5,Macrocystis,Articulate,6,Bossiella schmitti,,Bossiella schmittii,-,2,2021-09-15,73.68021269,2.633,Full,3,Macro_3,2021-07-22,
7.6,Macrocystis,Articulate,7,Bossiella schmitti,,Bossiella schmittii,-,1,2021-09-08,28.52173913,2.875,Full,4,Macro_4,2021-07-22,
7.6,Macrocystis,Articulate,7,Bossiella schmitti,,Bossiella schmittii,-,2,2021-09-15,21.2173913,2.875,Full,4,Macro_4,2021-07-22,
9.3,Macrocystis,Articulate,9,Bossiella schmitti,,Bossiella schmittii,-,1,2021-09-08,246.225924,1.921,Full,5,Macro_5,2021-07-22,
9.3,Macrocystis,Articulate,9,Bossiella schmitti,,Bossiella schmittii,-,2,2021-09-15,143.6751692,1.921,Full,5,Macro_5,2021-07-22,
14.1,Nereocystis,Articulate,14,Bossiella schmitti,,Bossiella schmittii,-,1,2021-09-07,19.53232462,3.635,Full,1,Nereocystis_1,2021-07-22,
14.1,Nereocystis,Articulate,14,Bossiella schmitti,,Bossiella schmittii,-,2,2021-09-14,24.48418157,3.635,Full,1,Nereocystis_1,2021-07-22,
15.2,Nereocystis,Articulate,15,Bossiella schmitti,,Bossiella schmittii,-,1,2021-09-07,35.63103563,3.003,Full,2,Nereocystis_2,2021-07-22,
15.2,Nereocystis,Articulate,15,Bossiella schmitti,,Bossiella schmittii,-,2,2021-09-14,37.62903763,3.003,Full,2,Nereocystis_2,2021-07-22,
18.2,Nereocystis,Articulate,18,Bossiella schmitti,,Bossiella schmittii,-,1,2021-09-07,4.940711462,3.036,Full,3,Nereocystis_3,2021-07-22,
18.2,Nereocystis,Articulate,18,Bossiella schmitti,,Bossiella schmittii,-,2,2021-09-14,7.575757576,3.036,Full,3,Nereocystis_3,2021-07-22,
19.3,Nereocystis,Articulate,19,Bossiella schmitti,,Bossiella schmittii,-,1,2021-09-07,37.48558247,3.468,Full,4,Nereocystis_4,2021-07-22,
19.3,Nereocystis,Articulate,19,Bossiella schmitti,,Bossiella schmittii,-,2,2021-09-14,48.44290657,3.468,Full,4,Nereocystis_4,2021-07-22,
22.2,Nereocystis,Articulate,22,Bossiella schmitti,,Bossiella schmittii,-,1,2021-09-07,23.80196763,3.151,Full,5,Nereocystis_5,2021-07-22,
22.2,Nereocystis,Articulate,22,Bossiella schmitti,,Bossiella schmittii,-,2,2021-09-14,33.00539511,3.151,Full,5,Nereocystis_5,2021-07-22,
23.6,Nereocystis,Articulate,23,Bossiella schmitti,,Bossiella schmittii,-,1,2021-09-07,42.98418972,2.024,Full,6,Nereocystis_6,2021-07-22,
23.6,Nereocystis,Articulate,23,Bossiella schmitti,,Bossiella schmittii,-,2,2021-09-14,84.98023715,2.024,Full,6,Nereocystis_6,2021-07-22,
11.6,Costaria Costata,Articulate,11,Calliarthron tuberculosum,,Calliarthron tuberculosum,-,1,2020-10-02,20.54292003,1.363,Full,1,Costaria_1,2020-07-30,
11.6,Costaria Costata,Articulate,11,Calliarthron tuberculosum,,Calliarthron tuberculosum,-,2,2020-10-08,NA,1.363,Full,1,Costaria_1,2020-07-30,
14.6,Costaria Costata,Articulate,14,Calliarthron tuberculosum,,Calliarthron tuberculosum,-,1,2020-10-02,32.78688525,0.366,Full,2,Costaria_2,2020-07-30,
14.6,Costaria Costata,Articulate,14,Calliarthron tuberculosum,,Calliarthron tuberculosum,-,2,2020-10-08,153.0054645,0.366,Full,2,Costaria_2,2020-07-30,
15.5,Costaria Costata,Articulate,15,Calliarthron tuberculosum,,Calliarthron tuberculosum,-,1,2020-10-02,104.7835991,0.439,Full,3,Costaria_3,2020-07-30,
15.5,Costaria Costata,Articulate,15,Calliarthron tuberculosum,,Calliarthron tuberculosum,-,2,2020-10-08,NA,0.439,Full,3,Costaria_3,2020-07-30,
17.6,Costaria Costata,Articulate,17,Calliarthron tuberculosum,,Calliarthron tuberculosum,-,1,2020-10-02,78.82882883,0.444,Full,4,Costaria_4,2020-07-30,
17.6,Costaria Costata,Articulate,17,Calliarthron tuberculosum,,Calliarthron tuberculosum,-,2,2020-10-08,NA,0.444,Full,4,Costaria_4,2020-07-30,
19.5,Costaria Costata,Articulate,19,Calliarthron tuberculosum,,Calliarthron tuberculosum,-,1,2020-10-02,38.75968992,0.645,Full,5,Costaria_5,2020-07-30,
19.5,Costaria Costata,Articulate,19,Calliarthron tuberculosum,,Calliarthron tuberculosum,-,2,2020-10-08,NA,0.645,Full,5,Costaria_5,2020-07-30,
10.5,Macrocystis,Articulate,10,Calliarthron tuberculosum,,Calliarthron tuberculosum,-,1,2021-09-08,168.5393258,1.869,Full,5,Macro_5,2021-07-22,
10.5,Macrocystis,Articulate,10,Calliarthron tuberculosum,,Calliarthron tuberculosum,-,2,2021-09-15,134.8314607,1.869,Full,5,Macro_5,2021-07-22,
12.4,Macrocystis,Articulate,12,Calliarthron tuberculosum,,Calliarthron tuberculosum,-,1,2021-09-08,89.42351339,2.203,Full,6,Macro_6,2021-07-22,
12.4,Macrocystis,Articulate,12,Calliarthron tuberculosum,,Calliarthron tuberculosum,-,2,2021-09-15,75.80571947,2.203,Full,6,Macro_6,2021-07-22,
2.2,Macrocystis,Articulate,2,Calliarthron tuberculosum,,Calliarthron tuberculosum,-,1,2021-09-08,184.44666,2.006,Subsample,1,Macro_1,2021-07-22,
2.2,Macrocystis,Articulate,2,Calliarthron tuberculosum,,Calliarthron tuberculosum,-,2,2021-09-15,326.0219342,2.006,Subsample,1,Macro_1,2021-07-22,
4.1,Macrocystis,Articulate,4,Calliarthron tuberculosum,,Calliarthron tuberculosum,-,1,2021-09-08,244.3820225,2.136,Subsample,2,Macro_2,2021-07-22,
4.1,Macrocystis,Articulate,4,Calliarthron tuberculosum,,Calliarthron tuberculosum,-,2,2021-09-15,229.4007491,2.136,Subsample,2,Macro_2,2021-07-22,
5.2,Macrocystis,Articulate,5,Calliarthron tuberculosum,,Calliarthron tuberculosum,-,1,2021-09-08,128.9473684,1.9,Full,3,Macro_3,2021-07-22,
5.2,Macrocystis,Articulate,5,Calliarthron tuberculosum,,Calliarthron tuberculosum,-,2,2021-09-15,100,1.9,Full,3,Macro_3,2021-07-22,
8.6,Macrocystis,Articulate,8,Calliarthron tuberculosum,,Calliarthron tuberculosum,-,1,2021-09-08,194.3661972,2.13,Subsample,4,Macro_4,2021-07-22,
8.6,Macrocystis,Articulate,8,Calliarthron tuberculosum,,Calliarthron tuberculosum,-,2,2021-09-15,157.7464789,2.13,Full,4,Macro_4,2021-07-22,
13.2,Nereocystis,Articulate,13,Calliarthron tuberculosum,,Calliarthron tuberculosum,-,1,2021-09-07,190.5660377,1.06,Full,1,Nereocystis_1,2021-07-22,
13.2,Nereocystis,Articulate,13,Calliarthron tuberculosum,,Calliarthron tuberculosum,-,2,2021-09-14,203.7735849,1.06,Full,1,Nereocystis_1,2021-07-22,
15.1,Nereocystis,Articulate,15,Calliarthron tuberculosum,,Calliarthron tuberculosum,-,1,2021-09-07,122.5382932,2.285,Full,2,Nereocystis_2,2021-07-22,
15.1,Nereocystis,Articulate,15,Calliarthron tuberculosum,,Calliarthron tuberculosum,-,2,2021-09-14,190.3719912,2.285,Full,2,Nereocystis_2,2021-07-22,
18.6,Nereocystis,Articulate,18,Calliarthron tuberculosum,,Calliarthron tuberculosum,-,1,2021-09-07,68.98774984,1.551,Full,3,Nereocystis_3,2021-07-22,
18.6,Nereocystis,Articulate,18,Calliarthron tuberculosum,,Calliarthron tuberculosum,-,2,2021-09-14,116.6989039,1.551,Full,3,Nereocystis_3,2021-07-22,
19.1,Nereocystis,Articulate,19,Calliarthron tuberculosum,,Calliarthron tuberculosum,-,1,2021-09-07,209.7701149,1.392,Subsample,4,Nereocystis_4,2021-07-22,
19.1,Nereocystis,Articulate,19,Calliarthron tuberculosum,,Calliarthron tuberculosum,-,2,2021-09-14,165.9482759,1.392,Full,4,Nereocystis_4,2021-07-22,
21.3,Nereocystis,Articulate,21,Calliarthron tuberculosum,Calliarthron tuberculosum,Calliarthron tuberculosum,-,1,2021-09-07,252.6132404,1.722,Subsample,5,Nereocystis_5,2021-07-22,
21.3,Nereocystis,Articulate,21,Calliarthron tuberculosum,Calliarthron tuberculosum,Calliarthron tuberculosum,-,2,2021-09-14,475.6097561,1.722,Subsample,5,Nereocystis_5,2021-07-22,
24.5,Nereocystis,Articulate,24,Calliarthron tuberculosum,,Calliarthron tuberculosum,-,1,2021-09-07,203.1473534,1.398,Full,6,Nereocystis_6,2021-07-22,
24.5,Nereocystis,Articulate,24,Calliarthron tuberculosum,,Calliarthron tuberculosum,-,2,2021-09-14,142.3462089,1.398,Full,6,Nereocystis_6,2021-07-22,
12.6,Costaria Costata,Crustose,12,Chiharaea americana f. bodegensis,,Chiharaea americana f. bodegensis,-,1,2020-10-02,0,2.062,Full,1,Costaria_1,2020-07-30,
12.6,Costaria Costata,Crustose,12,Chiharaea americana f. bodegensis,,Chiharaea americana f. bodegensis,-,2,2020-10-08,0,2.062,Full,1,Costaria_1,2020-07-30,
13.1,Costaria Costata,Crustose,13,Chiharaea americana f. bodegensis,,Chiharaea americana f. bodegensis,-,1,2020-10-02,0,2.385,Full,2,Costaria_2,2020-07-30,
13.1,Costaria Costata,Crustose,13,Chiharaea americana f. bodegensis,,Chiharaea americana f. bodegensis,-,2,2020-10-08,0,2.385,Full,2,Costaria_2,2020-07-30,
16.2,Costaria Costata,Crustose,16,Chiharaea americana f. bodegensis,,Chiharaea americana f. bodegensis,-,1,2020-10-02,0,2.8,Full,3,Costaria_3,2020-07-30,
16.2,Costaria Costata,Crustose,16,Chiharaea americana f. bodegensis,,Chiharaea americana f. bodegensis,-,2,2020-10-08,0,2.8,Full,3,Costaria_3,2020-07-30,
18.2,Costaria Costata,Crustose,18,Chiharaea americana f. bodegensis,,Chiharaea americana f. bodegensis,-,1,2020-10-02,0.448229494,2.231,Full,4,Costaria_4,2020-07-30,
18.2,Costaria Costata,Crustose,18,Chiharaea americana f. bodegensis,,Chiharaea americana f. bodegensis,-,2,2020-10-08,0,2.231,Full,4,Costaria_4,2020-07-30,
19.4,Costaria Costata,Crustose,19,Chiharaea americana f. bodegensis,,Chiharaea americana f. bodegensis,-,1,2020-10-02,0,2.33,Full,5,Costaria_5,2020-07-30,
19.4,Costaria Costata,Crustose,19,Chiharaea americana f. bodegensis,,Chiharaea americana f. bodegensis,-,2,2020-10-08,0.858369099,2.33,Full,5,Costaria_5,2020-07-30,
12.5,Macrocystis,Crustose,12,Chiharaea americana f. bodegensis,,Chiharaea americana f. bodegensis,-,1,2021-09-08,93.47442681,2.424,Subsample,6,Macro_6,2021-07-22,
12.5,Macrocystis,Crustose,12,Chiharaea americana f. bodegensis,,Chiharaea americana f. bodegensis,-,2,2021-09-15,106.8481848,2.424,Full,6,Macro_6,2021-07-22,
2.1,Macrocystis,Crustose,2,Chiharaea americana f. bodegensis,,Chiharaea americana f. bodegensis,-,1,2021-09-08,227.5132275,2.091,Subsample,1,Macro_1,2021-07-22,
2.1,Macrocystis,Crustose,2,Chiharaea americana f. bodegensis,,Chiharaea americana f. bodegensis,-,2,2021-09-15,164.5145863,2.091,Full,1,Macro_1,2021-07-22,
3.3,Macrocystis,Crustose,3,Chiharaea americana f. bodegensis,,Chiharaea americana f. bodegensis,-,1,2021-09-08,201.0582011,3.008,Subsample,2,Macro_2,2021-07-22,
3.3,Macrocystis,Crustose,3,Chiharaea americana f. bodegensis,,Chiharaea americana f. bodegensis,-,2,2021-09-15,114.0292553,3.008,Full,2,Macro_2,2021-07-22,
6.2,Macrocystis,Crustose,6,Chiharaea americana f. bodegensis,,Chiharaea americana f. bodegensis,-,1,2021-09-08,10.34619976,2.513,Full,3,Macro_3,2021-07-22,
6.2,Macrocystis,Crustose,6,Chiharaea americana f. bodegensis,,Chiharaea americana f. bodegensis,-,2,2021-09-15,10.34619976,2.513,Full,3,Macro_3,2021-07-22,
7.5,Macrocystis,Crustose,7,Chiharaea americana f. bodegensis,,Chiharaea americana f. bodegensis,-,1,2021-09-08,51.51395989,2.543,Full,4,Macro_4,2021-07-22,
7.5,Macrocystis,Crustose,7,Chiharaea americana f. bodegensis,,Chiharaea americana f. bodegensis,-,2,2021-09-15,68.81635863,2.543,Full,4,Macro_4,2021-07-22,
9.5,Macrocystis,Crustose,9,Chiharaea americana f. bodegensis,,Chiharaea americana f. bodegensis,-,1,2021-09-08,63.33545512,3.142,Full,5,Macro_5,2021-07-22,
9.5,Macrocystis,Crustose,9,Chiharaea americana f. bodegensis,,Chiharaea americana f. bodegensis,-,2,2021-09-15,61.42584341,3.142,Full,5,Macro_5,2021-07-22,
13.5,Nereocystis,Crustose,13,Chiharaea americana f. bodegensis,,Chiharaea americana f. bodegensis,-,1,2021-09-07,105.8201058,2.769,Subsample,1,Nereocystis_1,2021-07-22,
13.5,Nereocystis,Crustose,13,Chiharaea americana f. bodegensis,,Chiharaea americana f. bodegensis,-,2,2021-09-14,57.65199161,2.769,Subsample,1,Nereocystis_1,2021-07-22,
16.3,Nereocystis,Crustose,16,Chiharaea americana f. bodegensis,,Chiharaea americana f. bodegensis,-,1,2021-09-07,340.3880071,2.271,Subsample,2,Nereocystis_2,2021-07-22,
16.3,Nereocystis,Crustose,16,Chiharaea americana f. bodegensis,,Chiharaea americana f. bodegensis,-,2,2021-09-14,1365.079365,2.271,Subsample,2,Nereocystis_2,2021-07-22,
17.5,Nereocystis,Crustose,17,Chiharaea americana f. bodegensis,,Chiharaea americana f. bodegensis,-,1,2021-09-07,116.4021164,3.316,Subsample,3,Nereocystis_3,2021-07-22,
17.5,Nereocystis,Crustose,17,Chiharaea americana f. bodegensis,,Chiharaea americana f. bodegensis,-,2,2021-09-14,44.02515723,3.316,Subsample,3,Nereocystis_3,2021-07-22,
19.6,Nereocystis,Crustose,19,Chiharaea americana f. bodegensis,Chiharaea americana ,Chiharaea americana f. bodegensis,-,1,2021-09-07,79.36507937,2.227,Subsample,4,Nereocystis_4,2021-07-22,
19.6,Nereocystis,Crustose,19,Chiharaea americana f. bodegensis,Chiharaea americana ,Chiharaea americana f. bodegensis,-,2,2021-09-14,88.05031447,2.227,Subsample,4,Nereocystis_4,2021-07-22,
21.6,Nereocystis,Crustose,21,Chiharaea americana f. bodegensis,,Chiharaea americana f. bodegensis,-,1,2021-09-07,89.94708995,2.717,Subsample,5,Nereocystis_5,2021-07-22,
21.6,Nereocystis,Crustose,21,Chiharaea americana f. bodegensis,,Chiharaea americana f. bodegensis,-,2,2021-09-14,285.7142857,2.717,Subsample,5,Nereocystis_5,2021-07-22,
24.4,Nereocystis,Crustose,24,Chiharaea americana f. bodegensis,,Chiharaea americana f. bodegensis,-,1,2021-09-07,176.366843,2.08,Subsample,6,Nereocystis_6,2021-07-22,
24.4,Nereocystis,Crustose,24,Chiharaea americana f. bodegensis,,Chiharaea americana f. bodegensis,-,2,2021-09-14,292.7689594,2.08,Subsample,6,Nereocystis_6,2021-07-22,
12.5,Costaria Costata,Control,12,Cover slip,,Cover slip,-,1,2020-10-02,NA,,,1,Costaria_1,2020-07-30,
12.5,Costaria Costata,Control,12,Cover slip,,Cover slip,-,2,2020-10-08,NA,,Full,1,Costaria_1,2020-07-30,
13.2,Costaria Costata,Control,13,Cover slip,,Cover slip,-,1,2020-10-02,169.2872117,0.5675,Subsample,2,Costaria_2,2020-07-30,
13.2,Costaria Costata,Control,13,Cover slip,,Cover slip,-,2,2020-10-08,NA,0.5675,Full,2,Costaria_2,2020-07-30,
16.5,Costaria Costata,Control,16,Cover slip,,Cover slip,-,1,2020-10-02,85.95387841,0.5675,Subsample,3,Costaria_3,2020-07-30,
16.5,Costaria Costata,Control,16,Cover slip,,Cover slip,-,2,2020-10-08,NA,0.5675,Full,3,Costaria_3,2020-07-30,
17.3,Costaria Costata,Control,17,Cover slip,,Cover slip,-,1,2020-10-02,202.3060797,0.5675,Subsample,4,Costaria_4,2020-07-30,
17.3,Costaria Costata,Control,17,Cover slip,,Cover slip,-,2,2020-10-08,NA,0.5675,Full,4,Costaria_4,2020-07-30,
20.4,Costaria Costata,Control,20,Cover slip,,Cover slip,-,1,2020-10-02,138.3647799,0.5675,Subsample,5,Costaria_5,2020-07-30,
20.4,Costaria Costata,Control,20,Cover slip,,Cover slip,-,2,2020-10-08,NA,0.5675,Full,5,Costaria_5,2020-07-30,
1.2,Macrocystis,Control,1,Cover slip,,Cover slip,-,1,2021-09-08,1723.104056,3.392,Subsample,1,Macro_1,2021-07-22,
1.2,Macrocystis,Control,1,Cover slip,,Cover slip,-,2,2021-09-15,2493.82716,3.392,Subsample,1,Macro_1,2021-07-22,
11.3,Macrocystis,Control,11,Cover slip,,Cover slip,-,1,2021-09-08,1770.723104,3.253,Subsample,6,Macro_6,2021-07-22,
11.3,Macrocystis,Control,11,Cover slip,,Cover slip,-,2,2021-09-15,1767.195767,3.253,Subsample,6,Macro_6,2021-07-22,
4.4,Macrocystis,Control,4,Cover slip,,Cover slip,-,1,2021-09-08,1102.292769,3.201,Subsample,2,Macro_2,2021-07-22,
4.4,Macrocystis,Control,4,Cover slip,,Cover slip,-,2,2021-09-15,1763.66843,3.201,Subsample,2,Macro_2,2021-07-22,
6.3,Macrocystis,Control,6,Cover slip,,Cover slip,-,1,2021-09-08,580.2469136,3.645,Subsample,3,Macro_3,2021-07-22,
6.3,Macrocystis,Control,6,Cover slip,,Cover slip,-,2,2021-09-15,1033.5097,3.645,Subsample,3,Macro_3,2021-07-22,
8.4,Macrocystis,Control,8,Cover slip,,Cover slip,-,1,2021-09-08,458.5537919,3.645,Subsample,4,Macro_4,2021-07-22,
8.4,Macrocystis,Control,8,Cover slip,,Cover slip,-,2,2021-09-15,613.7566138,3.645,Subsample,4,Macro_4,2021-07-22,
9.4,Macrocystis,Control,9,Cover slip,,Cover slip,-,1,2021-09-08,652.5573192,3.288,Subsample,5,Macro_5,2021-07-22,
9.4,Macrocystis,Control,9,Cover slip,,Cover slip,-,2,2021-09-15,1442.680776,3.288,Subsample,5,Macro_5,2021-07-22,
13.3,Nereocystis,Control,13,Cover slip,,Cover slip,-,1,2021-09-07,650.1103753,3.233,Subsample,1,Nereocystis_1,2021-07-22,
13.3,Nereocystis,Control,13,Cover slip,,Cover slip,-,2,2021-09-14,379.1887125,3.233,Subsample,1,Nereocystis_1,2021-07-22,
15.3,Nereocystis,Control,15,Cover slip,,Cover slip,-,1,2021-09-07,NA,3.181,Full,2,Nereocystis_2,2021-07-22,
15.3,Nereocystis,Control,15,Cover slip,,Cover slip,-,2,2021-09-14,NA,3.181,Full,2,Nereocystis_2,2021-07-22,
17.6,Nereocystis,Control,17,Cover slip,,Cover slip,-,1,2021-09-07,758.377425,3.154,Subsample,3,Nereocystis_3,2021-07-22,
17.6,Nereocystis,Control,17,Cover slip,,Cover slip,-,2,2021-09-14,608.4656085,3.154,Subsample,3,Nereocystis_3,2021-07-22,
20.6,Nereocystis,Control,20,Cover slip,,Cover slip,-,1,2021-09-07,106.2215478,2.636,Full,4,Nereocystis_4,2021-07-22,
20.6,Nereocystis,Control,20,Cover slip,,Cover slip,-,2,2021-09-14,340.3880071,2.636,Subsample,4,Nereocystis_4,2021-07-22,
22.3,Nereocystis,Control,22,Cover slip,,Cover slip,-,1,2021-09-07,85.31090418,3.329,Full,5,Nereocystis_5,2021-07-22,
22.3,Nereocystis,Control,22,Cover slip,,Cover slip,-,2,2021-09-14,172.8395062,3.329,Subsample,5,Nereocystis_5,2021-07-22,
23.1,Nereocystis,Control,23,Cover slip,,Cover slip,-,1,2021-09-07,215.1675485,3.058,Subsample,6,Nereocystis_6,2021-07-22,
23.1,Nereocystis,Control,23,Cover slip,,Cover slip,-,2,2021-09-14,1019.400353,3.058,Subsample,6,Nereocystis_6,2021-07-22,
11.1,Costaria Costata,Crustose,11,Crusticorallina 1,Crusticorallina muricata,Crusticorallina muricata,BAT001,1,2020-10-02,0,3.506,Full,1,Costaria_1,2020-07-30,
11.1,Costaria Costata,Crustose,11,Crusticorallina 1,Crusticorallina muricata,Crusticorallina muricata,BAT001,2,2020-10-08,0,3.506,Full,1,Costaria_1,2020-07-30,
13.6,Costaria Costata,Crustose,13,Crusticorallina 1,Crusticorallina muricata,Crusticorallina muricata,BAT002,1,2020-10-02,0,2.824,Full,2,Costaria_2,2020-07-30,
13.6,Costaria Costata,Crustose,13,Crusticorallina 1,Crusticorallina muricata,Crusticorallina muricata,BAT002,2,2020-10-08,0,2.824,Full,2,Costaria_2,2020-07-30,
15.3,Costaria Costata,Crustose,15,Crusticorallina 1,Crusticorallina painei,Crusticorallina painei,BAT003,1,2020-10-02,0,2.273,Full,3,Costaria_3,2020-07-30,
15.3,Costaria Costata,Crustose,15,Crusticorallina 1,Crusticorallina painei,Crusticorallina painei,BAT003,2,2020-10-08,0,2.273,Full,3,Costaria_3,2020-07-30,
17.2,Costaria Costata,Crustose,17,Crusticorallina 1,Crusticorallina painei,Crusticorallina painei,BAT004,1,2020-10-02,0,1.578,Full,4,Costaria_4,2020-07-30,
17.2,Costaria Costata,Crustose,17,Crusticorallina 1,Crusticorallina painei,Crusticorallina painei,BAT004,2,2020-10-08,4.43599493,1.578,Full,4,Costaria_4,2020-07-30,
20.2,Costaria Costata,Crustose,20,Crusticorallina 1,Crusticorallina muricata,Crusticorallina muricata,BAT005,1,2020-10-02,0,1.248,Full,5,Costaria_5,2020-07-30,
20.2,Costaria Costata,Crustose,20,Crusticorallina 1,Crusticorallina muricata,Crusticorallina muricata,BAT005,2,2020-10-08,0,1.248,Full,5,Costaria_5,2020-07-30,
10.3,Macrocystis,Crustose,10,Crusticorallina 1,Crusticorallina painei,Crusticorallina painei,Crust005,1,2021-09-08,109.688682,3.437,Full,5,Macro_5,2021-07-22,
10.3,Macrocystis,Crustose,10,Crusticorallina 1,Crusticorallina painei,Crusticorallina painei,Crust005,2,2021-09-15,135.874309,3.437,Full,5,Macro_5,2021-07-22,
12.2,Macrocystis,Crustose,12,Crusticorallina 1,Crusticorallina muricata,Crusticorallina muricata,Crust006,1,2021-09-08,9.188361409,1.959,Full,6,Macro_6,2021-07-22,
12.2,Macrocystis,Crustose,12,Crusticorallina 1,Crusticorallina muricata,Crusticorallina muricata,Crust006,2,2021-09-15,10.20929045,1.959,Full,6,Macro_6,2021-07-22,
2.4,Macrocystis,Crustose,2,Crusticorallina 1,Crusticorallina muricata,Crusticorallina muricata,Crust001,1,2021-09-08,14.1620771,2.542,Full,1,Macro_1,2021-07-22,
2.4,Macrocystis,Crustose,2,Crusticorallina 1,Crusticorallina muricata,Crusticorallina muricata,Crust001,2,2021-09-15,15.73564123,2.542,Full,1,Macro_1,2021-07-22,
3.6,Macrocystis,Crustose,3,Crusticorallina 1,Crusticorallina painei,Crusticorallina painei,Crust002,1,2021-09-08,0,3.302,Full,2,Macro_2,2021-07-22,
3.6,Macrocystis,Crustose,3,Crusticorallina 1,Crusticorallina painei,Crusticorallina painei,Crust002,2,2021-09-15,0,3.302,Full,2,Macro_2,2021-07-22,
6.6,Macrocystis,Crustose,6,Crusticorallina 1,Crusticorallina painei,Crusticorallina painei,Crust003,1,2021-09-08,19.10299003,2.408,Full,3,Macro_3,2021-07-22,
6.6,Macrocystis,Crustose,6,Crusticorallina 1,Crusticorallina painei,Crusticorallina painei,Crust003,2,2021-09-15,29.90033223,2.408,Full,3,Macro_3,2021-07-22,
8.5,Macrocystis,Crustose,8,Crusticorallina 1,Crusticorallina painei,Crusticorallina painei,Crust004,1,2021-09-08,136.5364673,2.893,Full,4,Macro_4,2021-07-22,
8.5,Macrocystis,Crustose,8,Crusticorallina 1,Crusticorallina painei,Crusticorallina painei,Crust004,2,2021-09-15,176.6332527,2.893,Full,4,Macro_4,2021-07-22,
13.6,Nereocystis,Crustose,13,Crusticorallina 1,Crusticorallina muricata,Crusticorallina muricata,Crust001,1,2021-09-07,55.37459283,2.763,Full,1,Nereocystis_1,2021-07-22,
13.6,Nereocystis,Crustose,13,Crusticorallina 1,Crusticorallina muricata,Crusticorallina muricata,Crust001,2,2021-09-14,155.6279406,2.763,Full,1,Nereocystis_1,2021-07-22,
16.1,Nereocystis,Crustose,16,Crusticorallina 1,Crusticorallina painei,Crusticorallina painei,Crust002,1,2021-09-07,73.72336828,2.957,Full,2,Nereocystis_2,2021-07-22,
16.1,Nereocystis,Crustose,16,Crusticorallina 1,Crusticorallina painei,Crusticorallina painei,Crust002,2,2021-09-14,101.7923571,2.957,Full,2,Nereocystis_2,2021-07-22,
18.4,Nereocystis,Crustose,18,Crusticorallina 1,Crusticorallina painei,Crusticorallina painei,Crust003,1,2021-09-07,65.63467492,3.23,Full,3,Nereocystis_3,2021-07-22,
18.4,Nereocystis,Crustose,18,Crusticorallina 1,Crusticorallina painei,Crusticorallina painei,Crust003,2,2021-09-14,89.16408669,3.23,Full,3,Nereocystis_3,2021-07-22,
20.5,Nereocystis,Crustose,20,Crusticorallina 1,Crusticorallina painei,Crusticorallina painei,Crust004,1,2021-09-07,0,2.991,Full,4,Nereocystis_4,2021-07-22,
20.5,Nereocystis,Crustose,20,Crusticorallina 1,Crusticorallina painei,Crusticorallina painei,Crust004,2,2021-09-14,0.334336342,2.991,Full,4,Nereocystis_4,2021-07-22,
21.1,Nereocystis,Crustose,21,Crusticorallina 1,Crusticorallina painei,Crusticorallina painei,Crust005,1,2021-09-07,3.684937817,2.171,Full,5,Nereocystis_5,2021-07-22,
21.1,Nereocystis,Crustose,21,Crusticorallina 1,Crusticorallina painei,Crusticorallina painei,Crust005,2,2021-09-14,2.303086135,2.171,Full,5,Nereocystis_5,2021-07-22,
24.3,Nereocystis,Crustose,24,Crusticorallina 1,Crusticorallina muricata,Crusticorallina muricata,Crust006,1,2021-09-07,182.1547575,2.701,Full,6,Nereocystis_6,2021-07-22,
24.3,Nereocystis,Crustose,24,Crusticorallina 1,Crusticorallina muricata,Crusticorallina muricata,Crust006,2,2021-09-14,237.6897445,2.701,Full,6,Nereocystis_6,2021-07-22,
11.3,Costaria Costata,Crustose,11,Crusticorallina 2,Crusticorallina painei,Crusticorallina painei,BAT006,1,2020-10-02,0,3.142,Full,1,Costaria_1,2020-07-30,
11.3,Costaria Costata,Crustose,11,Crusticorallina 2,Crusticorallina painei,Crusticorallina painei,BAT006,2,2020-10-08,0,3.142,Full,1,Costaria_1,2020-07-30,
14.5,Costaria Costata,Crustose,14,Crusticorallina 2,Crusticorallina painei,Crusticorallina painei,BAT007,1,2020-10-02,0,2.921,Full,2,Costaria_2,2020-07-30,
14.5,Costaria Costata,Crustose,14,Crusticorallina 2,Crusticorallina painei,Crusticorallina painei,BAT007,2,2020-10-08,0.342348511,2.921,Full,2,Costaria_2,2020-07-30,
15.4,Costaria Costata,Crustose,15,Crusticorallina 2,Crusticorallina painei,Crusticorallina painei,BAT008,1,2020-10-02,0,2.155,Full,3,Costaria_3,2020-07-30,
15.4,Costaria Costata,Crustose,15,Crusticorallina 2,Crusticorallina painei,Crusticorallina painei,BAT008,2,2020-10-08,0,2.155,Full,3,Costaria_3,2020-07-30,
18.3,Costaria Costata,Crustose,18,Crusticorallina 2,Crusticorallina painei,Crusticorallina painei,-,1,2020-10-02,0,3.388,Full,4,Costaria_4,2020-07-30,
18.3,Costaria Costata,Crustose,18,Crusticorallina 2,Crusticorallina painei,Crusticorallina painei,-,2,2020-10-08,0,3.388,Full,4,Costaria_4,2020-07-30,
19.3,Costaria Costata,Crustose,19,Crusticorallina 2,Crusticorallina painei,Crusticorallina painei,-,1,2020-10-02,0,3.169,Full,5,Costaria_5,2020-07-30,
19.3,Costaria Costata,Crustose,19,Crusticorallina 2,Crusticorallina painei,Crusticorallina painei,-,2,2020-10-08,0,3.169,Full,5,Costaria_5,2020-07-30,
10.2,Macrocystis,Crustose,10,Crusticorallina 2,Crusticorallina muricata,Crusticorallina muricata,Crust014,1,2021-09-08,0.491400491,2.035,Full,5,Macro_5,2021-07-22,
10.2,Macrocystis,Crustose,10,Crusticorallina 2,Crusticorallina muricata,Crusticorallina muricata,Crust014,2,2021-09-15,0,2.035,Full,5,Macro_5,2021-07-22,
11.1,Macrocystis,Crustose,11,Crusticorallina 2,Crusticorallina muricata,Crusticorallina muricata,Crust015,1,2021-09-08,37.17171717,2.475,Full,6,Macro_6,2021-07-22,
11.1,Macrocystis,Crustose,11,Crusticorallina 2,Crusticorallina muricata,Crusticorallina muricata,Crust015,2,2021-09-15,30.70707071,2.475,Full,6,Macro_6,2021-07-22,
2.3,Macrocystis,Crustose,2,Crusticorallina 2,Crusticorallina muricata,Crusticorallina muricata,Crust010,1,2021-09-08,16.49970536,3.394,Full,1,Macro_1,2021-07-22,
2.3,Macrocystis,Crustose,2,Crusticorallina 2,Crusticorallina muricata,Crusticorallina muricata,Crust010,2,2021-09-15,14.73187979,3.394,Full,1,Macro_1,2021-07-22,
3.4,Macrocystis,Crustose,3,Crusticorallina 2,Crusticorallina muricata,Crusticorallina muricata,Crust011,1,2021-09-08,795.4144621,2.548,Subsample,2,Macro_2,2021-07-22,
3.4,Macrocystis,Crustose,3,Crusticorallina 2,Crusticorallina muricata,Crusticorallina muricata,Crust011,2,2021-09-15,375.9811617,2.548,Full,2,Macro_2,2021-07-22,
5.4,Macrocystis,Crustose,5,Crusticorallina 2,Crusticorallina muricata,Crusticorallina muricata,Crust012,1,2021-09-08,13.0260521,1.996,Full,3,Macro_3,2021-07-22,
5.4,Macrocystis,Crustose,5,Crusticorallina 2,Crusticorallina muricata,Crusticorallina muricata,Crust012,2,2021-09-15,11.02204409,1.996,Full,3,Macro_3,2021-07-22,
8.1,Macrocystis,Crustose,8,Crusticorallina 2,Crusticorallina muricata,Crusticorallina muricata,Crust013,1,2021-09-08,66.56101426,3.786,Full,4,Macro_4,2021-07-22,
8.1,Macrocystis,Crustose,8,Crusticorallina 2,Crusticorallina muricata,Crusticorallina muricata,Crust013,2,2021-09-15,22.97939778,3.786,Full,4,Macro_4,2021-07-22,
13.1,Nereocystis,Crustose,13,Crusticorallina 2,Crusticorallina muricata,Crusticorallina muricata,Crust010,1,2021-09-07,64.96318753,2.309,Full,1,Nereocystis_1,2021-07-22,
13.1,Nereocystis,Crustose,13,Crusticorallina 2,Crusticorallina muricata,Crusticorallina muricata,Crust010,2,2021-09-14,97.01169337,2.309,Full,1,Nereocystis_1,2021-07-22,
16.4,Nereocystis,Crustose,16,Crusticorallina 2,Crusticorallina muricata,Crusticorallina muricata,Crust011,1,2021-09-07,223.9858907,2.867,Subsample,2,Nereocystis_2,2021-07-22,
16.4,Nereocystis,Crustose,16,Crusticorallina 2,Crusticorallina muricata,Crusticorallina muricata,Crust011,2,2021-09-14,276.246948,2.867,Full,2,Nereocystis_2,2021-07-22,
18.3,Nereocystis,Crustose,18,Crusticorallina 2,Crusticorallina muricata,Crusticorallina muricata,Crust012,1,2021-09-07,12.5106625,3.517,Full,3,Nereocystis_3,2021-07-22,
18.3,Nereocystis,Crustose,18,Crusticorallina 2,Crusticorallina muricata,Crusticorallina muricata,Crust012,2,2021-09-14,22.74665908,3.517,Full,3,Nereocystis_3,2021-07-22,
20.4,Nereocystis,Crustose,20,Crusticorallina 2,Crusticorallina muricata,Crusticorallina muricata,Crust013,1,2021-09-07,47.22719141,2.795,Full,4,Nereocystis_4,2021-07-22,
20.4,Nereocystis,Crustose,20,Crusticorallina 2,Crusticorallina muricata,Crusticorallina muricata,Crust013,2,2021-09-14,55.09838998,2.795,Full,4,Nereocystis_4,2021-07-22,
22.5,Nereocystis,Crustose,22,Crusticorallina 2,Crusticorallina muricata,Crusticorallina muricata,Crust014,1,2021-09-07,145.9010473,2.769,Full,5,Nereocystis_5,2021-07-22,
22.5,Nereocystis,Crustose,22,Crusticorallina 2,Crusticorallina muricata,Crusticorallina muricata,Crust014,2,2021-09-14,121.7045865,2.769,Full,5,Nereocystis_5,2021-07-22,
23.4,Nereocystis,Crustose,23,Crusticorallina 2,Crusticorallina muricata,Crusticorallina muricata,Crust015,1,2021-09-07,56.70856475,3.421,Full,6,Nereocystis_6,2021-07-22,
23.4,Nereocystis,Crustose,23,Crusticorallina 2,Crusticorallina muricata,Crusticorallina muricata,Crust015,2,2021-09-14,41.80064309,3.421,Full,6,Nereocystis_6,2021-07-22,
20.5,Costaria Costata,Dead,20,Dead Crusticorallina,,Dead Crusticorallina,-,1,2020-10-02,85.95387841,0.5675,Subsample,1,Costaria_1,2020-07-30,
20.5,Costaria Costata,Dead,20,Dead Crusticorallina,,Dead Crusticorallina,-,2,2020-10-08,NA,0.5675,Full,1,Costaria_1,2020-07-30,
20.6,Costaria Costata,Dead,20,Dead Crusticorallina,,Dead Crusticorallina,-,1,2020-10-02,262.0545073,0.5675,Subsample,2,Costaria_2,2020-07-30,
20.6,Costaria Costata,Dead,20,Dead Crusticorallina,,Dead Crusticorallina,-,2,2020-10-08,NA,0.5675,Full,2,Costaria_2,2020-07-30,
1.1,Macrocystis,Dead,1,Dead Crusticorallina,,Dead Crusticorallina,-,1,2021-09-08,1721.340388,2.079,Subsample,1,Macro_1,2021-07-22,
1.1,Macrocystis,Dead,1,Dead Crusticorallina,,Dead Crusticorallina,-,2,2021-09-15,1781.305115,2.079,Subsample,1,Macro_1,2021-07-22,
12.3,Macrocystis,Dead,12,Dead Crusticorallina,,Dead Crusticorallina,-,1,2021-09-08,313.9329806,1.036,Subsample,6,Macro_6,2021-07-22,
12.3,Macrocystis,Dead,12,Dead Crusticorallina,,Dead Crusticorallina,-,2,2021-09-15,178.1305115,1.036,Subsample,6,Macro_6,2021-07-22,
3.2,Macrocystis,Dead,3,Dead Crusticorallina,,Dead Crusticorallina,-,1,2021-09-08,4.792332268,2.504,Full,2,Macro_2,2021-07-22,
3.2,Macrocystis,Dead,3,Dead Crusticorallina,,Dead Crusticorallina,-,2,2021-09-15,2.396166134,2.504,Full,2,Macro_2,2021-07-22,
6.1,Macrocystis,Dead,6,Dead Crusticorallina,,Dead Crusticorallina,-,1,2021-09-08,2.015316405,2.481,Full,3,Macro_3,2021-07-22,
6.1,Macrocystis,Dead,6,Dead Crusticorallina,,Dead Crusticorallina,-,2,2021-09-15,0.806126562,2.481,Full,3,Macro_3,2021-07-22,
7.3,Macrocystis,Dead,7,Dead Crusticorallina,,Dead Crusticorallina,-,1,2021-09-08,83.33333333,2.52,Full,4,Macro_4,2021-07-22,
7.3,Macrocystis,Dead,7,Dead Crusticorallina,,Dead Crusticorallina,-,2,2021-09-15,68.78306878,2.52,Subsample,4,Macro_4,2021-07-22,
9.1,Macrocystis,Dead,9,Dead Crusticorallina,,Dead Crusticorallina,-,1,2021-09-08,28.43216897,1.231,Full,5,Macro_5,2021-07-22,
9.1,Macrocystis,Dead,9,Dead Crusticorallina,,Dead Crusticorallina,-,2,2021-09-15,6.498781478,1.231,Full,5,Macro_5,2021-07-22,
14.6,Nereocystis,Dead,14,Dead Crusticorallina,,Dead Crusticorallina,-,1,2021-09-07,NA,1.157,Full,1,Nereocystis_1,2021-07-22,
14.6,Nereocystis,Dead,14,Dead Crusticorallina,,Dead Crusticorallina,-,2,2021-09-14,NA,1.157,Full,1,Nereocystis_1,2021-07-22,
16.5,Nereocystis,Dead,16,Dead Crusticorallina,,Dead Crusticorallina,-,1,2021-09-07,8.924377642,2.129,Full,2,Nereocystis_2,2021-07-22,
16.5,Nereocystis,Dead,16,Dead Crusticorallina,,Dead Crusticorallina,-,2,2021-09-14,15.87301587,2.129,Subsample,2,Nereocystis_2,2021-07-22,
17.4,Nereocystis,Dead,17,Dead Crusticorallina,,Dead Crusticorallina,-,1,2021-09-07,172.8395062,1.659,Subsample,3,Nereocystis_3,2021-07-22,
17.4,Nereocystis,Dead,17,Dead Crusticorallina,,Dead Crusticorallina,-,2,2021-09-14,42.19409283,1.659,Full,3,Nereocystis_3,2021-07-22,
19.4,Nereocystis,Dead,19,Dead Crusticorallina,,Dead Crusticorallina,-,1,2021-09-07,1566.137566,2.121,Subsample,4,Nereocystis_4,2021-07-22,
19.4,Nereocystis,Dead,19,Dead Crusticorallina,,Dead Crusticorallina,-,2,2021-09-14,989.4179894,2.121,Subsample,4,Nereocystis_4,2021-07-22,
22.4,Nereocystis,Dead,22,Dead Crusticorallina,,Dead Crusticorallina,-,1,2021-09-07,4063.492063,1.54,Subsample,5,Nereocystis_5,2021-07-22,
22.4,Nereocystis,Dead,22,Dead Crusticorallina,,Dead Crusticorallina,-,2,2021-09-14,5047.619048,1.54,Subsample,5,Nereocystis_5,2021-07-22,
23.2,Nereocystis,Dead,23,Dead Crusticorallina,,Dead Crusticorallina,-,1,2021-09-07,31.19584055,1.731,Full,6,Nereocystis_6,2021-07-22,
23.2,Nereocystis,Dead,23,Dead Crusticorallina,,Dead Crusticorallina,-,2,2021-09-14,63.49206349,1.731,Subsample,6,Nereocystis_6,2021-07-22,
11.4,Costaria Costata,Fleshy,11,Hildinbrandia,,Hildenbrandia spp,-,1,2020-10-02,0,1.557,Full,1,Costaria_1,2020-07-30,
11.4,Costaria Costata,Fleshy,11,Hildinbrandia,,Hildenbrandia spp,-,2,2020-10-08,0,1.557,Full,1,Costaria_1,2020-07-30,
13.3,Costaria Costata,Fleshy,13,Hildinbrandia,Peyssonnelia sp5BC,Peyssonnelia spp,-,1,2020-10-02,0,2.181,Full,2,Costaria_2,2020-07-30,
13.3,Costaria Costata,Fleshy,13,Hildinbrandia,Peyssonnelia sp5BC,Peyssonnelia spp,-,2,2020-10-08,0,2.181,Full,2,Costaria_2,2020-07-30,
15.1,Costaria Costata,Fleshy,15,Hildinbrandia,Hildenbrandia sp1/2,Hildenbrandia spp,-,1,2020-10-02,8.857808858,2.145,Full,3,Costaria_3,2020-07-30,
15.1,Costaria Costata,Fleshy,15,Hildinbrandia,Hildenbrandia sp1/2,Hildenbrandia spp,-,2,2020-10-08,7.459207459,2.145,Full,3,Costaria_3,2020-07-30,
18.5,Costaria Costata,Fleshy,18,Hildinbrandia,,Peyssonnelia spp,-,1,2020-10-02,5.933117584,1.854,Full,4,Costaria_4,2020-07-30,
18.5,Costaria Costata,Fleshy,18,Hildinbrandia,,Peyssonnelia spp,-,2,2020-10-08,NA,1.854,Full,4,Costaria_4,2020-07-30,
20.1,Costaria Costata,Fleshy,20,Hildinbrandia,,Hildenbrandia spp,-,1,2020-10-02,0,2.1,Full,5,Costaria_5,2020-07-30,
20.1,Costaria Costata,Fleshy,20,Hildinbrandia,,Hildenbrandia spp,-,2,2020-10-08,0.476190476,2.1,Full,5,Costaria_5,2020-07-30,
1.5,Macrocystis,Fleshy,1,Hildinbrandia,,NA,-,1,2021-09-08,NA,3.275,Full,1,Macro_1,2021-07-22,Red Crusy Peeled off
1.5,Macrocystis,Fleshy,1,Hildinbrandia,,NA,-,2,2021-09-15,NA,3.275,Full,1,Macro_1,2021-07-22,Red Crusy Peeled off
11.5,Macrocystis,Fleshy,11,Hildinbrandia,,Peyssonnelia spp,-,1,2021-09-08,5.944517834,1.514,Full,6,Macro_6,2021-07-22,
11.5,Macrocystis,Fleshy,11,Hildinbrandia,,Peyssonnelia spp,-,2,2021-09-15,5.944517834,1.514,Full,6,Macro_6,2021-07-22,
3.5,Macrocystis,Fleshy,3,Hildinbrandia,Hildenbrandia sp1,Hildenbrandia spp,-,1,2021-09-08,4.365223718,2.749,Full,2,Macro_2,2021-07-22,
3.5,Macrocystis,Fleshy,3,Hildinbrandia,Hildenbrandia sp1,Hildenbrandia spp,-,2,2021-09-15,2.182611859,2.749,Full,2,Macro_2,2021-07-22,
5.6,Macrocystis,Fleshy,5,Hildinbrandia,,Hildenbrandia spp,-,1,2021-09-08,3.581661891,2.792,Full,3,Macro_3,2021-07-22,
5.6,Macrocystis,Fleshy,5,Hildinbrandia,,Hildenbrandia spp,-,2,2021-09-15,NA,2.792,Full,3,Macro_3,2021-07-22,Count removed at second time point as the count included some growing on a honeycomb structer
7.2,Macrocystis,Fleshy,7,Hildinbrandia,,NA,-,1,2021-09-08,NA,2.408,Full,4,Macro_4,2021-07-22,Red Crusy Peeled off
7.2,Macrocystis,Fleshy,7,Hildinbrandia,,NA,-,2,2021-09-15,NA,2.408,Full,4,Macro_4,2021-07-22,Red Crusy Peeled off
9.6,Macrocystis,Fleshy,9,Hildinbrandia,,Hildenbrandia spp,-,1,2021-09-08,0.823384109,2.429,Full,5,Macro_5,2021-07-22,Honeycomb structure fleshy algae- 53 count Hild underneath
9.6,Macrocystis,Fleshy,9,Hildinbrandia,,Hildenbrandia spp,-,2,2021-09-15,0,2.429,Full,5,Macro_5,2021-07-22,Honeycomb structure fleshy algae- 156 count - hild underneath
14.4,Nereocystis,Fleshy,14,Hildinbrandia,,NA,-,1,2021-09-07,NA,2.327,Full,1,Nereocystis_1,2021-07-22,Coralline algae present undeneath and coming through in parts
14.4,Nereocystis,Fleshy,14,Hildinbrandia,,NA,-,2,2021-09-14,10.7434465,2.327,Full,1,Nereocystis_1,2021-07-22,Coralline algae present undeneath and coming through in parts
16.2,Nereocystis,Fleshy,16,Hildinbrandia,,Peyssonnelia spp,-,1,2021-09-07,0,2.426,Full,2,Nereocystis_2,2021-07-22,
16.2,Nereocystis,Fleshy,16,Hildinbrandia,,Peyssonnelia spp,-,2,2021-09-14,2.061005771,2.426,Full,2,Nereocystis_2,2021-07-22,
18.5,Nereocystis,Fleshy,18,Hildinbrandia,Peyssonnelia sp10BC,NA,-,1,2021-09-07,NA,2.338,Full,3,Nereocystis_3,2021-07-22,Red Crusy Peeled off
18.5,Nereocystis,Fleshy,18,Hildinbrandia,Peyssonnelia sp10BC,NA,-,2,2021-09-14,NA,2.338,Full,3,Nereocystis_3,2021-07-22,Red Crusy Peeled off
19.5,Nereocystis,Fleshy,19,Hildinbrandia,Peyssonnelia sp10BC,Peyssonnelia spp,-,1,2021-09-07,16.48351648,2.366,Full,4,Nereocystis_4,2021-07-22,
19.5,Nereocystis,Fleshy,19,Hildinbrandia,Peyssonnelia sp10BC,Peyssonnelia spp,-,2,2021-09-14,28.31783601,2.366,Full,4,Nereocystis_4,2021-07-22,
22.1,Nereocystis,Fleshy,22,Hildinbrandia,,NA,-,1,2021-09-07,NA,3.07,Full,5,Nereocystis_5,2021-07-22,"Red Crusy Peeled off- coralline, honeycomb red, peysonellia and hild all present"
22.1,Nereocystis,Fleshy,22,Hildinbrandia,,NA,-,2,2021-09-14,3.583061889,3.07,Full,5,Nereocystis_5,2021-07-22,"Red Crusy Peeled off- coralline, honeycomb red, peysonellia and hild all present"
24.2,Nereocystis,Fleshy,24,Hildinbrandia,,NA,-,1,2021-09-07,NA,2.582,Full,6,Nereocystis_6,2021-07-22,
24.2,Nereocystis,Fleshy,24,Hildinbrandia,,NA,-,2,2021-09-14,NA,2.582,Full,6,Nereocystis_6,2021-07-22,
12.1,Costaria Costata,Crustose,12,Lithophyllum,Lithophyllum Corsp27BC,Lithophyllum Corsp27BC,-,1,2020-10-02,0,2.306,Full,1,Costaria_1,2020-07-30,
12.1,Costaria Costata,Crustose,12,Lithophyllum,Lithophyllum Corsp27BC,Lithophyllum Corsp27BC,-,2,2020-10-08,0,2.306,Full,1,Costaria_1,2020-07-30,
13.5,Costaria Costata,Crustose,13,Lithophyllum,Lithophyllum Corsp4BC,Lithophyllum Corsp4BC,-,1,2020-10-02,82.2851153,0.5675,Subsample,2,Costaria_2,2020-07-30,
13.5,Costaria Costata,Crustose,13,Lithophyllum,Lithophyllum Corsp4BC,Lithophyllum Corsp4BC,-,2,2020-10-08,NA,0.5675,Full,2,Costaria_2,2020-07-30,
16.3,Costaria Costata,Crustose,16,Lithophyllum,Lithophyllum Corsp27BC,Lithophyllum Corsp27BC,-,1,2020-10-02,2.050981541,3.413,Full,3,Costaria_3,2020-07-30,
16.3,Costaria Costata,Crustose,16,Lithophyllum,Lithophyllum Corsp27BC,Lithophyllum Corsp27BC,-,2,2020-10-08,NA,3.413,Full,3,Costaria_3,2020-07-30,
17.5,Costaria Costata,Crustose,17,Lithophyllum,Lithophyllum Corsp27BC,Lithophyllum Corsp27BC,-,1,2020-10-02,0.73964497,2.704,Full,4,Costaria_4,2020-07-30,
17.5,Costaria Costata,Crustose,17,Lithophyllum,Lithophyllum Corsp27BC,Lithophyllum Corsp27BC,-,2,2020-10-08,0.73964497,2.704,Full,4,Costaria_4,2020-07-30,
19.2,Costaria Costata,Crustose,19,Lithophyllum,Lithophyllum Corsp4BC,Lithophyllum Corsp4BC,-,1,2020-10-02,20.66293586,2.323,Full,5,Costaria_5,2020-07-30,
19.2,Costaria Costata,Crustose,19,Lithophyllum,Lithophyllum Corsp4BC,Lithophyllum Corsp4BC,-,2,2020-10-08,20.66293586,2.323,Full,5,Costaria_5,2020-07-30,
1.3,Macrocystis,Crustose,1,Lithophyllum,,Lithophyllum Corsp27BC,-,1,2021-09-08,550.2645503,2.906,Subsample,1,Macro_1,2021-07-22,
1.3,Macrocystis,Crustose,1,Lithophyllum,,Lithophyllum Corsp27BC,-,2,2021-09-15,97.00176367,2.906,Subsample,1,Macro_1,2021-07-22,
10.1,Macrocystis,Crustose,10,Lithophyllum,0,Lithophyllum Corsp27BC,-,1,2021-09-08,312.1693122,2.226,Subsample,5,Macro_5,2021-07-22,
10.1,Macrocystis,Crustose,10,Lithophyllum,0,Lithophyllum Corsp27BC,-,2,2021-09-15,188.230009,2.226,Full,5,Macro_5,2021-07-22,
12.6,Macrocystis,Crustose,12,Lithophyllum,Lithophyllum Corsp27BC,Lithophyllum Corsp27BC,-,1,2021-09-08,29.89925252,3.077,Full,6,Macro_6,2021-07-22,
12.6,Macrocystis,Crustose,12,Lithophyllum,Lithophyllum Corsp27BC,Lithophyllum Corsp27BC,-,2,2021-09-15,50.69873253,3.077,Full,6,Macro_6,2021-07-22,
4.5,Macrocystis,Crustose,4,Lithophyllum,,Lithophyllum Corsp27BC,-,1,2021-09-08,62.42387333,3.284,Full,2,Macro_2,2021-07-22,
4.5,Macrocystis,Crustose,4,Lithophyllum,,Lithophyllum Corsp27BC,-,2,2021-09-15,80.99878197,3.284,Full,2,Macro_2,2021-07-22,
5.1,Macrocystis,Crustose,5,Lithophyllum,Lithophyllum Corsp27BC,Lithophyllum Corsp27BC,-,1,2021-09-08,157.5342466,3.212,Full,3,Macro_3,2021-07-22,
5.1,Macrocystis,Crustose,5,Lithophyllum,Lithophyllum Corsp27BC,Lithophyllum Corsp27BC,-,2,2021-09-15,213.8854296,3.212,Full,3,Macro_3,2021-07-22,
8.2,Macrocystis,Crustose,8,Lithophyllum,Lithophyllum Corsp27BC,Lithophyllum Corsp27BC,-,1,2021-09-08,50.31847134,3.14,Full,4,Macro_4,2021-07-22,
8.2,Macrocystis,Crustose,8,Lithophyllum,Lithophyllum Corsp27BC,Lithophyllum Corsp27BC,-,2,2021-09-15,44.26751592,3.14,Full,4,Macro_4,2021-07-22,
13.4,Nereocystis,Crustose,13,Lithophyllum,Lithophyllum Corsp27BC,Lithophyllum Corsp27BC,-,1,2021-09-07,470.1986755,2.443,Subsample,1,Nereocystis_1,2021-07-22,
13.4,Nereocystis,Crustose,13,Lithophyllum,Lithophyllum Corsp27BC,Lithophyllum Corsp27BC,-,2,2021-09-14,1777.777778,2.443,Subsample,1,Nereocystis_1,2021-07-22,
15.5,Nereocystis,Crustose,15,Lithophyllum,,Lithophyllum Corsp27BC,-,1,2021-09-07,18.98488958,2.581,Full,2,Nereocystis_2,2021-07-22,
15.5,Nereocystis,Crustose,15,Lithophyllum,,Lithophyllum Corsp27BC,-,2,2021-09-14,509.7001764,2.581,Subsample,2,Nereocystis_2,2021-07-22,
17.3,Nereocystis,Crustose,17,Lithophyllum,,Lithophyllum Corsp27BC,-,1,2021-09-07,55.82922824,3.045,Full,3,Nereocystis_3,2021-07-22,
17.3,Nereocystis,Crustose,17,Lithophyllum,,Lithophyllum Corsp27BC,-,2,2021-09-14,243.3862434,3.045,Subsample,3,Nereocystis_3,2021-07-22,
20.1,Nereocystis,Crustose,20,Lithophyllum,Lithophyllum Corsp27BC,Lithophyllum Corsp27BC,-,1,2021-09-07,358.0246914,2.995,Subsample,4,Nereocystis_4,2021-07-22,
20.1,Nereocystis,Crustose,20,Lithophyllum,Lithophyllum Corsp27BC,Lithophyllum Corsp27BC,-,2,2021-09-14,2527.336861,2.995,Subsample,4,Nereocystis_4,2021-07-22,
21.5,Nereocystis,Crustose,21,Lithophyllum,0,Lithophyllum Corsp27BC,-,1,2021-09-07,312.1693122,3.766,Subsample,5,Nereocystis_5,2021-07-22,
21.5,Nereocystis,Crustose,21,Lithophyllum,0,Lithophyllum Corsp27BC,-,2,2021-09-14,158.7301587,3.766,Subsample,5,Nereocystis_5,2021-07-22,
24.1,Nereocystis,Crustose,24,Lithophyllum,Lithophyllum Corsp27BC,Lithophyllum Corsp27BC,-,1,2021-09-07,146.3844797,3.081,Subsample,6,Nereocystis_6,2021-07-22,
24.1,Nereocystis,Crustose,24,Lithophyllum,Lithophyllum Corsp27BC,Lithophyllum Corsp27BC,-,2,2021-09-14,141.5124959,3.081,Full,6,Nereocystis_6,2021-07-22,
12.4,Costaria Costata,Crustose,12,Lithothamnion,,Lithothamnion glaciale,-,1,2020-10-02,0,2.157,Full,1,Costaria_1,2020-07-30,
12.4,Costaria Costata,Crustose,12,Lithothamnion,,Lithothamnion glaciale,-,2,2020-10-08,0,2.157,Full,1,Costaria_1,2020-07-30,
14.4,Costaria Costata,Crustose,14,Lithothamnion,Lithothamnion glaciale,Lithothamnion glaciale,-,1,2020-10-02,0.450653447,2.219,Full,2,Costaria_2,2020-07-30,
14.4,Costaria Costata,Crustose,14,Lithothamnion,Lithothamnion glaciale,Lithothamnion glaciale,-,2,2020-10-08,NA,2.219,Full,2,Costaria_2,2020-07-30,
16.6,Costaria Costata,Crustose,16,Lithothamnion,Lithothamnion glaciale,Lithothamnion glaciale,-,1,2020-10-02,1.706484642,2.344,Full,3,Costaria_3,2020-07-30,
16.6,Costaria Costata,Crustose,16,Lithothamnion,Lithothamnion glaciale,Lithothamnion glaciale,-,2,2020-10-08,0,2.344,Full,3,Costaria_3,2020-07-30,
17.4,Costaria Costata,Crustose,17,Lithothamnion,,Lithothamnion glaciale,-,1,2020-10-02,0,2.162,Full,4,Costaria_4,2020-07-30,
17.4,Costaria Costata,Crustose,17,Lithothamnion,,Lithothamnion glaciale,-,2,2020-10-08,0,2.162,Full,4,Costaria_4,2020-07-30,
19.1,Costaria Costata,Crustose,19,Lithothamnion,,Lithothamnion glaciale,-,1,2020-10-02,0,1.939,Full,5,Costaria_5,2020-07-30,
19.1,Costaria Costata,Crustose,19,Lithothamnion,,Lithothamnion glaciale,-,2,2020-10-08,0,1.939,Full,5,Costaria_5,2020-07-30,
10.6,Macrocystis,Crustose,10,Lithothamnion,Lithothamnion glaciale,Lithothamnion glaciale,-,1,2021-09-08,155.2028219,2.407,Subsample,5,Macro_5,2021-07-22,
10.6,Macrocystis,Crustose,10,Lithothamnion,Lithothamnion glaciale,Lithothamnion glaciale,-,2,2021-09-15,47.61904762,2.407,Subsample,5,Macro_5,2021-07-22,
11.2,Macrocystis,Crustose,11,Lithothamnion,,Lithothamnion glaciale,-,1,2021-09-08,347.4426808,2.086,Subsample,6,Macro_6,2021-07-22,
11.2,Macrocystis,Crustose,11,Lithothamnion,,Lithothamnion glaciale,-,2,2021-09-15,276.8959436,2.086,Subsample,6,Macro_6,2021-07-22,
2.5,Macrocystis,Crustose,2,Lithothamnion,,Lithothamnion glaciale,-,1,2021-09-08,904.7619048,2.842,Subsample,1,Macro_1,2021-07-22,
2.5,Macrocystis,Crustose,2,Lithothamnion,,Lithothamnion glaciale,-,2,2021-09-15,860.670194,2.842,Subsample,1,Macro_1,2021-07-22,
4.2,Macrocystis,Crustose,4,Lithothamnion,Lithothamnion glaciale,Lithothamnion glaciale,-,1,2021-09-08,38.80070547,3.062,Subsample,2,Macro_2,2021-07-22,
4.2,Macrocystis,Crustose,4,Lithothamnion,Lithothamnion glaciale,Lithothamnion glaciale,-,2,2021-09-15,179.8941799,3.062,Subsample,2,Macro_2,2021-07-22,
5.3,Macrocystis,Crustose,5,Lithothamnion,,Lithothamnion glaciale,-,1,2021-09-08,223.9858907,2.321,Subsample,3,Macro_3,2021-07-22,
5.3,Macrocystis,Crustose,5,Lithothamnion,,Lithothamnion glaciale,-,2,2021-09-15,292.7689594,2.321,Subsample,3,Macro_3,2021-07-22,
8.3,Macrocystis,Crustose,8,Lithothamnion,,Lithothamnion glaciale,-,1,2021-09-08,81.1287478,2.554,Subsample,4,Macro_4,2021-07-22,
8.3,Macrocystis,Crustose,8,Lithothamnion,,Lithothamnion glaciale,-,2,2021-09-15,47.61904762,2.554,Subsample,4,Macro_4,2021-07-22,
14.5,Nereocystis,Crustose,14,Lithothamnion,,Lithothamnion glaciale,-,1,2021-09-07,46.2769659,2.874,Full,1,Nereocystis_1,2021-07-22,
14.5,Nereocystis,Crustose,14,Lithothamnion,,Lithothamnion glaciale,-,2,2021-09-14,60.19485038,2.874,Full,1,Nereocystis_1,2021-07-22,
15.6,Nereocystis,Crustose,15,Lithothamnion,Lithothamnion glaciale,Lithothamnion glaciale,-,1,2021-09-07,382.7160494,2.047,Subsample,2,Nereocystis_2,2021-07-22,
15.6,Nereocystis,Crustose,15,Lithothamnion,Lithothamnion glaciale,Lithothamnion glaciale,-,2,2021-09-14,735.4497354,2.047,Subsample,2,Nereocystis_2,2021-07-22,
17.2,Nereocystis,Crustose,17,Lithothamnion,,Lithothamnion glaciale,-,1,2021-09-07,25.69373073,2.919,Full,3,Nereocystis_3,2021-07-22,
17.2,Nereocystis,Crustose,17,Lithothamnion,,Lithothamnion glaciale,-,2,2021-09-14,81.53477218,2.919,Full,3,Nereocystis_3,2021-07-22,
19.2,Nereocystis,Crustose,19,Lithothamnion,Lithothamnion glaciale,Lithothamnion glaciale,-,1,2021-09-07,423.2804233,2.509,Subsample,4,Nereocystis_4,2021-07-22,
19.2,Nereocystis,Crustose,19,Lithothamnion,Lithothamnion glaciale,Lithothamnion glaciale,-,2,2021-09-14,772.4867725,2.509,Subsample,4,Nereocystis_4,2021-07-22,
21.4,Nereocystis,Crustose,21,Lithothamnion,,Lithothamnion glaciale,-,1,2021-09-07,301.5873016,2.37,Subsample,5,Nereocystis_5,2021-07-22,
21.4,Nereocystis,Crustose,21,Lithothamnion,,Lithothamnion glaciale,-,2,2021-09-14,499.1181658,2.37,Subsample,5,Nereocystis_5,2021-07-22,
23.3,Nereocystis,Crustose,23,Lithothamnion,,Lithothamnion glaciale,-,1,2021-09-07,183.4215168,2.367,Subsample,6,Nereocystis_6,2021-07-22,
23.3,Nereocystis,Crustose,23,Lithothamnion,,Lithothamnion glaciale,-,2,2021-09-14,305.1146384,2.367,Subsample,6,Nereocystis_6,2021-07-22,
12.2,Costaria Costata,Rock,12,Rock,,Rock,-,1,2020-10-02,5.553627213,2.881,Full,1,Costaria_1,2020-07-30,
12.2,Costaria Costata,Rock,12,Rock,,Rock,-,2,2020-10-08,5.206525512,2.881,Full,1,Costaria_1,2020-07-30,
14.3,Costaria Costata,Rock,14,Rock,,Rock,-,1,2020-10-02,0,1.915,Full,2,Costaria_2,2020-07-30,
14.3,Costaria Costata,Rock,14,Rock,,Rock,-,2,2020-10-08,0,1.915,Full,2,Costaria_2,2020-07-30,
16.4,Costaria Costata,Rock,16,Rock,,Rock,-,1,2020-10-02,0.373971578,2.674,Full,3,Costaria_3,2020-07-30,
16.4,Costaria Costata,Rock,16,Rock,,Rock,-,2,2020-10-08,0,2.674,Full,3,Costaria_3,2020-07-30,
18.1,Costaria Costata,Rock,18,Rock,,Rock,-,1,2020-10-02,0,2.995,Full,4,Costaria_4,2020-07-30,
18.1,Costaria Costata,Rock,18,Rock,,Rock,-,2,2020-10-08,0,2.995,Full,4,Costaria_4,2020-07-30,
18.6,Costaria Costata,Rock,18,Rock,,Rock,-,1,2020-10-02,0,3.845,Full,5,Costaria_5,2020-07-30,
18.6,Costaria Costata,Rock,18,Rock,,Rock,-,2,2020-10-08,0,3.845,Full,5,Costaria_5,2020-07-30,
10.4,Macrocystis,Rock,10,Rock,,Rock,-,1,2021-09-08,149.9118166,2.074,Subsample,5,Macro_5,2021-07-22,
10.4,Macrocystis,Rock,10,Rock,,Rock,-,2,2021-09-15,162.2574956,2.074,Subsample,5,Macro_5,2021-07-22,
11.6,Macrocystis,Rock,11,Rock,,Rock,-,1,2021-09-08,102.292769,2.924,Subsample,6,Macro_6,2021-07-22,
11.6,Macrocystis,Rock,11,Rock,,Rock,-,2,2021-09-15,109.3474427,2.924,Subsample,6,Macro_6,2021-07-22,
2.6,Macrocystis,Rock,2,Rock,,Rock,-,1,2021-09-08,499.1181658,2.517,Subsample,1,Macro_1,2021-07-22,
2.6,Macrocystis,Rock,2,Rock,,Rock,-,2,2021-09-15,895.9435626,2.517,Subsample,1,Macro_1,2021-07-22,
4.6,Macrocystis,Rock,4,Rock,,Rock,-,1,2021-09-08,79.36507937,2.486,Subsample,2,Macro_2,2021-07-22,
4.6,Macrocystis,Rock,4,Rock,,Rock,-,2,2021-09-15,114.638448,2.486,Subsample,2,Macro_2,2021-07-22,
5.5,Macrocystis,Rock,5,Rock,,Rock,-,1,2021-09-08,70.54673721,2.567,Subsample,3,Macro_3,2021-07-22,
5.5,Macrocystis,Rock,5,Rock,,Rock,-,2,2021-09-15,75.8377425,2.567,Subsample,3,Macro_3,2021-07-22,
7.1,Macrocystis,Rock,7,Rock,,Rock,-,1,2021-09-08,400.3527337,2.977,Subsample,4,Macro_4,2021-07-22,
7.1,Macrocystis,Rock,7,Rock,,Rock,-,2,2021-09-15,516.7548501,2.977,Subsample,4,Macro_4,2021-07-22,
14.3,Nereocystis,Rock,14,Rock,,Rock,-,1,2021-09-07,186.9488536,2.63,Subsample,1,Nereocystis_1,2021-07-22,
14.3,Nereocystis,Rock,14,Rock,,Rock,-,2,2021-09-14,2119.929453,2.63,Subsample,1,Nereocystis_1,2021-07-22,
15.4,Nereocystis,Rock,15,Rock,,Rock,-,1,2021-09-07,495.5908289,2.065,Subsample,2,Nereocystis_2,2021-07-22,
15.4,Nereocystis,Rock,15,Rock,,Rock,-,2,2021-09-14,661.3756614,2.065,Subsample,2,Nereocystis_2,2021-07-22,
18.1,Nereocystis,Rock,18,Rock,,Rock,-,1,2021-09-07,1280.42328,3.616,Subsample,3,Nereocystis_3,2021-07-22,
18.1,Nereocystis,Rock,18,Rock,,Rock,-,2,2021-09-14,2045.855379,3.616,Subsample,3,Nereocystis_3,2021-07-22,
20.2,Nereocystis,Rock,20,Rock,,Rock,-,1,2021-09-07,266.313933,2.805,Subsample,4,Nereocystis_4,2021-07-22,
20.2,Nereocystis,Rock,20,Rock,,Rock,-,2,2021-09-14,178.1305115,2.805,Subsample,4,Nereocystis_4,2021-07-22,
21.2,Nereocystis,Rock,21,Rock,,Rock,-,1,2021-09-07,300.2207506,3.109,Subsample,5,Nereocystis_5,2021-07-22,
21.2,Nereocystis,Rock,21,Rock,,Rock,-,2,2021-09-14,1405.643739,3.109,Subsample,5,Nereocystis_5,2021-07-22,
23.5,Nereocystis,Rock,23,Rock,,Rock,-,1,2021-09-07,439.1534392,3.218,Subsample,6,Nereocystis_6,2021-07-22,
23.5,Nereocystis,Rock,23,Rock,,Rock,-,2,2021-09-14,255.7319224,3.218,Subsample,6,Nereocystis_6,2021-07-22,
11.5,Costaria Costata,Crustose,11,unknown crust 1,,NA,-,1,2020-10-02,54.74452555,2.192,Full,1,Costaria_1,2020-07-30,
11.5,Costaria Costata,Crustose,11,unknown crust 1,,NA,-,2,2020-10-08,NA,2.192,Full,1,Costaria_1,2020-07-30,
14.2,Costaria Costata,Crustose,14,unknown crust 1,,NA,-,1,2020-10-02,0,2.259,Full,2,Costaria_2,2020-07-30,
14.2,Costaria Costata,Crustose,14,unknown crust 1,,NA,-,2,2020-10-08,38.95528995,2.259,Full,2,Costaria_2,2020-07-30,
15.2,Costaria Costata,Crustose,15,unknown crust 1,,NA,-,1,2020-10-02,0,2.228,Full,3,Costaria_3,2020-07-30,
15.2,Costaria Costata,Crustose,15,unknown crust 1,,NA,-,2,2020-10-08,30.07181329,2.228,Full,3,Costaria_3,2020-07-30,
