Urchin_metamorphosis.csv,Block,Number,Jar,Start_time,Start_date,Type,Treated_species,Species_gen_code,Cor_type,Species_genetic_only,Species_genetic,Morpho_species,Genus,Species_code,Recorder,Date,Time_period,Time,Coralline_area,Meta_coralline,Meta_jar,Meta_undergoing,Free_swimming,Notes,Total_urchins,Swabbing
top,A,9,A09,9:40:00 AM,2021-02-27,Untreated,yes,BAT-urchinA09,Articultae Coralline ,Bossiella schmittii ,,Bossiella schmittii ,Bossiella,Bossi,Nathan Duifhuis,2021-02-28,24hrs,10:00,1.822,2,1,3,9,,15,
top,A,9,A09,9:40:00 AM,2021-02-27,Untreated,yes,BAT-urchinA09,Articultae Coralline ,Bossiella schmittii ,,Bossiella schmittii ,Bossiella,Bossi,Stefanie Duff,2021-03-01,48hrs,9:44,1.822,3,5,4,10,,22,
top,C,5,C05,10:08:00 AM,2021-02-27,Untreated,yes,BAT-urchinC05,Articultae Coralline ,Bossiella schmittii ,,Bossiella schmittii ,Bossiella,Bossi,Tereno Johson,2021-02-28,24hrs,10:52,3.66,7,1,3,8,one underdeveloped stage attached to coralline,19,
top,C,5,C05,10:08:00 AM,2021-02-27,Untreated,yes,BAT-urchinC05,Articultae Coralline ,Bossiella schmittii ,,Bossiella schmittii ,Bossiella,Bossi,Brenton Twist,2021-03-01,48hrs,10:37,3.66,7,6,2,6,,21,
top,E,9,E09,10:22:00 AM,2021-02-27,Untreated,yes,BAT-urchinE09,Articultae Coralline ,Bossiella schmittii ,,Bossiella schmittii ,Bossiella,Bossi,Tereno Johson,2021-02-28,24hrs,11:37,3.531,3,1,2,13,,19,
top,E,9,E09,10:22:00 AM,2021-02-27,Untreated,yes,BAT-urchinE09,Articultae Coralline ,Bossiella schmittii ,,Bossiella schmittii ,Bossiella,Bossi,Brenton Twist,2021-03-01,48hrs,13:08,3.531,4,1,1,12,,18,
middle,G,9,G09,10:35:00 AM,2021-02-27,Untreated,yes,BAT-urchinG09,Articultae Coralline ,Bossiella schmittii ,,Bossiella schmittii ,Bossiella,Bossi,Brenton Twist,2021-02-28,24hrs,12:41,5.178,3,4,2,8,,17,
middle,G,9,G09,10:35:00 AM,2021-02-27,Untreated,yes,BAT-urchinG09,Articultae Coralline ,Bossiella schmittii ,,Bossiella schmittii ,Bossiella,Bossi,Brenton Twist,2021-03-01,48hrs,14:08,5.178,3,3,1,9,,16,
middle,I,1,I01,10:49:00 AM,2021-02-27,Untreated,yes,BAT-urchinI01,Articultae Coralline ,Bossiella schmittii ,,Bossiella schmittii ,Bossiella,Bossi,Nathan Duifhuis,2021-02-28,24hrs,13:00,3.704,1,0,4,7,,12,
middle,I,1,I01,10:49:00 AM,2021-02-27,Untreated,yes,BAT-urchinI01,Articultae Coralline ,Bossiella schmittii ,,Bossiella schmittii ,Bossiella,Bossi,Stefanie Duff,2021-03-01,48hrs,14:40,3.704,0,0,1,9,,10,
middle,K,5,K05,11:00:00 AM,2021-02-27,Untreated,yes,BAT-urchinK05,Articultae Coralline ,Bossiella schmittii ,,Bossiella schmittii ,Bossiella,Bossi,Nathan Duifhuis,2021-02-28,24hrs,13:39,2.554,2,1,1,11,,15,
middle,K,5,K05,11:00:00 AM,2021-02-27,Untreated,yes,BAT-urchinK05,Articultae Coralline ,Bossiella schmittii ,,Bossiella schmittii ,Bossiella,Bossi,Joel Filgate-McNabb,2021-03-01,48hrs,15:33,2.554,1,2,10,5,,18,
bottom,M,12,M12,11:11:00 AM,2021-02-27,Untreated,yes,BAT-urchinM12,Articultae Coralline ,Bossiella schmittii ,,Bossiella schmittii ,Bossiella,Bossi,Nathan Duifhuis,2021-02-28,24hrs,14:25,4.191,5,0,1,6,,12,
bottom,M,12,M12,11:11:00 AM,2021-02-27,Untreated,yes,BAT-urchinM12,Articultae Coralline ,Bossiella schmittii ,,Bossiella schmittii ,Bossiella,Bossi,Joel Filgate-McNabb,2021-03-01,48hrs,16:29,4.191,2,2,6,3,,13,
bottom,O,4,O04,11:22:00 AM,2021-02-27,Untreated,yes,BAT-urchinO04,Articultae Coralline ,Bossiella schmittii ,,Bossiella schmittii ,Bossiella,Bossi,Danielle Lacasse,2021-02-28,24hrs,14:55,4.751,1,1,1,12,,15,
bottom,O,4,O04,11:22:00 AM,2021-02-27,Untreated,yes,BAT-urchinO04,Articultae Coralline ,Bossiella schmittii ,,Bossiella schmittii ,Bossiella,Bossi,Tereno Johson,2021-03-01,48hrs,16:54,4.751,1,2,4,12,,19,
top,A,3,A03,9:40:00 AM,2021-02-27,Untreated,yes,BAT-urchinA03,Articultae Coralline ,Calliarthron tuberculosum ,,Calliarthron tuberculosum ,Calliarthron,Calli,Danielle Lacasse,2021-02-28,24hrs,9:39,4.468,0,2,0,15,,17,
top,A,3,A03,9:40:00 AM,2021-02-27,Untreated,yes,BAT-urchinA03,Articultae Coralline ,Calliarthron tuberculosum ,,Calliarthron tuberculosum ,Calliarthron,Calli,Brenton Twist,2021-03-01,48hrs,9:20,4.468,2,0,0,12,Can't find anymore,14,
top,C,11,C11,10:08:00 AM,2021-02-27,Untreated,yes,BAT-urchinC11,Articultae Coralline ,Calliarthron tuberculosum ,,Calliarthron tuberculosum ,Calliarthron,Calli,Tereno Johson,2021-02-28,24hrs,11:01,3.376,0,1,2,15,,18,
top,C,11,C11,10:08:00 AM,2021-02-27,Untreated,yes,BAT-urchinC11,Articultae Coralline ,Calliarthron tuberculosum ,,Calliarthron tuberculosum ,Calliarthron,Calli,Brenton Twist,2021-03-01,48hrs,10:55,3.376,0,4,1,14,Coralline turning slightly white,19,
top,E,10,E10,10:22:00 AM,2021-02-27,Untreated,yes,BAT-urchinE10,Articultae Coralline ,Calliarthron tuberculosum ,,Calliarthron tuberculosum ,Calliarthron,Calli,Brenton Twist,2021-02-28,24hrs,11:39,2.642,5,1,0,15,,21,
top,E,10,E10,10:22:00 AM,2021-02-27,Untreated,yes,BAT-urchinE10,Articultae Coralline ,Calliarthron tuberculosum ,,Calliarthron tuberculosum ,Calliarthron,Calli,Jessica Driver,2021-03-01,48hrs,12:41,2.642,4,2,3,13,,22,
middle,G,7,G07,10:35:00 AM,2021-02-27,Untreated,yes,BAT-urchinG07,Articultae Coralline ,Calliarthron tuberculosum ,,Calliarthron tuberculosum ,Calliarthron,Calli,Tereno Johson,2021-02-28,24hrs,12:13,1.958,6,1,0,13,,20,
middle,G,7,G07,10:35:00 AM,2021-02-27,Untreated,yes,BAT-urchinG07,Articultae Coralline ,Calliarthron tuberculosum ,,Calliarthron tuberculosum ,Calliarthron,Calli,Will Gartrell,2021-03-01,48hrs,13:59,1.958,4,3,3,9,,19,
middle,I,10,I10,10:49:00 AM,2021-02-27,Untreated,yes,BAT-urchinI10,Articultae Coralline ,Calliarthron tuberculosum ,,Calliarthron tuberculosum ,Calliarthron,Calli,Tereno Johson,2021-02-28,24hrs,13:16,2.241,3,2,2,13,,20,
middle,I,10,I10,10:49:00 AM,2021-02-27,Untreated,yes,BAT-urchinI10,Articultae Coralline ,Calliarthron tuberculosum ,,Calliarthron tuberculosum ,Calliarthron,Calli,Brenton Twist,2021-03-01,48hrs,15:00,2.241,2,1,0,16,,19,
middle,K,1,K01,11:00:00 AM,2021-02-27,Untreated,yes,BAT-urchinK01,Articultae Coralline ,Calliarthron tuberculosum ,,Calliarthron tuberculosum ,Calliarthron,Calli,Nathan Duifhuis,2021-02-28,24hrs,13:34,3.574,3,0,1,14,,18,
middle,K,1,K01,11:00:00 AM,2021-02-27,Untreated,yes,BAT-urchinK01,Articultae Coralline ,Calliarthron tuberculosum ,,Calliarthron tuberculosum ,Calliarthron,Calli,Tereno Johson,2021-03-01,48hrs,15:25,3.574,4,1,3,12,,20,
bottom,M,8,M08,11:11:00 AM,2021-02-27,Untreated,yes,BAT-urchinM08,Articultae Coralline ,Calliarthron tuberculosum ,,Calliarthron tuberculosum ,Calliarthron,Calli,Nathan Duifhuis,2021-02-28,24hrs,14:18,2.022,2,1,0,15,,18,
bottom,M,8,M08,11:11:00 AM,2021-02-27,Untreated,yes,BAT-urchinM08,Articultae Coralline ,Calliarthron tuberculosum ,,Calliarthron tuberculosum ,Calliarthron,Calli,Stefanie Duff,2021-03-01,48hrs,16:19,2.022,0,1,2,6,,9,
bottom,O,1,O01,11:22:00 AM,2021-02-27,Untreated,yes,BAT-urchinO01,Articultae Coralline ,Calliarthron tuberculosum ,,Calliarthron tuberculosum ,Calliarthron,Calli,Nathan Duifhuis,2021-02-28,24hrs,14:43,2.648,0,1,2,15,,18,
bottom,O,1,O01,11:22:00 AM,2021-02-27,Untreated,yes,BAT-urchinO01,Articultae Coralline ,Calliarthron tuberculosum ,,Calliarthron tuberculosum ,Calliarthron,Calli,Tereno Johson,2021-03-01,48hrs,16:49,2.648,1,1,4,14,,20,
top,A,5,A05,9:40:00 AM,2021-02-27,Untreated,yes,BAT-urchinA05,Crustose Coralline,Chiharaea americana f. bodegensis,,Chiharaea americana f. bodegensis,Chiharaea,Chihar,Nathan Duifhuis,2021-02-28,24hrs,9:40,2.838,1,4,0,8,,13,
top,A,5,A05,9:40:00 AM,2021-02-27,Untreated,yes,BAT-urchinA05,Crustose Coralline,Chiharaea americana f. bodegensis,,Chiharaea americana f. bodegensis,Chiharaea,Chihar,Brenton Twist,2021-03-01,48hrs,9:28,2.838,4,4,3,7,,18,
top,C,3,C03,10:08:00 AM,2021-02-27,Untreated,yes,BAT-urchinC03,Crustose Coralline,Chiharaea americana f. bodegensis,,Chiharaea americana f. bodegensis,Chiharaea,Chihar,Joel Filgate-McNabb,2021-02-28,24hrs,10:45,3.431,3,0,0,20,1 cat 1 on algae,23,
top,C,3,C03,10:08:00 AM,2021-02-27,Untreated,yes,BAT-urchinC03,Crustose Coralline,Chiharaea americana f. bodegensis,,Chiharaea americana f. bodegensis,Chiharaea,Chihar,Stefanie Duff,2021-03-01,48hrs,10:32,3.431,0,2,1,15,,18,
top,E,8,E08,10:22:00 AM,2021-02-27,Untreated,yes,BAT-urchinE08,Crustose Coralline,Chiharaea americana f. bodegensis,,Chiharaea americana f. bodegensis,Chiharaea,Chihar,Nathan Duifhuis,2021-02-28,24hrs,11:37,2.375,0,4,2,12,,18,
top,E,8,E08,10:22:00 AM,2021-02-27,Untreated,yes,BAT-urchinE08,Crustose Coralline,Chiharaea americana f. bodegensis,,Chiharaea americana f. bodegensis,Chiharaea,Chihar,Jessica Driver,2021-03-01,48hrs,12:30,2.375,1,3,5,9,,18,
middle,G,2,G02,10:35:00 AM,2021-02-27,Untreated,yes,BAT-urchinG02,Crustose Coralline,Chiharaea americana f. bodegensis,,Chiharaea americana f. bodegensis,Chiharaea,Chihar,Joel Filgate-McNabb,2021-02-28,24hrs,12:02,3.556,0,7,1,8,,16,
middle,G,2,G02,10:35:00 AM,2021-02-27,Untreated,yes,BAT-urchinG02,Crustose Coralline,Chiharaea americana f. bodegensis,,Chiharaea americana f. bodegensis,Chiharaea,Chihar,Brenton Twist,2021-03-01,48hrs,13:38,3.556,0,5,1,9,,15,
middle,I,14,I14,10:49:00 AM,2021-02-27,Untreated,yes,BAT-urchinI14,Crustose Coralline,Chiharaea americana f. bodegensis,,Chiharaea americana f. bodegensis,Chiharaea,Chihar,Brenton Twist,2021-02-28,24hrs,13:20,3.124,3,0,3,17,23 found,23,
middle,I,14,I14,10:49:00 AM,2021-02-27,Untreated,yes,BAT-urchinI14,Crustose Coralline,Chiharaea americana f. bodegensis,,Chiharaea americana f. bodegensis,Chiharaea,Chihar,Brenton Twist,2021-03-01,48hrs,15:05,3.124,1,3,3,10,,17,
middle,K,4,K04,11:00:00 AM,2021-02-27,Untreated,yes,BAT-urchinK04,Crustose Coralline,Chiharaea americana f. bodegensis,,Chiharaea americana f. bodegensis,Chiharaea,Chihar,Brenton Twist,2021-02-28,24hrs,13:38,2.951,2,1,0,14,,17,
middle,K,4,K04,11:00:00 AM,2021-02-27,Untreated,yes,BAT-urchinK04,Crustose Coralline,Chiharaea americana f. bodegensis,,Chiharaea americana f. bodegensis,Chiharaea,Chihar,Brenton Twist,2021-03-01,48hrs,15:32,2.951,1,1,0,13,,15,
bottom,M,6,M06,11:11:00 AM,2021-02-27,Untreated,yes,BAT-urchinM06,Crustose Coralline,Chiharaea americana f. bodegensis,,Chiharaea americana f. bodegensis,Chiharaea,Chihar,Danielle Lacasse,2021-02-28,24hrs,14:14,1.909,2,0,2,14,,18,
bottom,M,6,M06,11:11:00 AM,2021-02-27,Untreated,yes,BAT-urchinM06,Crustose Coralline,Chiharaea americana f. bodegensis,,Chiharaea americana f. bodegensis,Chiharaea,Chihar,Brenton Twist,2021-03-01,48hrs,16:16,1.909,1,0,2,15,,18,
bottom,O,3,O03,11:22:00 AM,2021-02-27,Untreated,yes,BAT-urchinO03,Crustose Coralline,Chiharaea americana f. bodegensis,,Chiharaea americana f. bodegensis,Chiharaea,Chihar,Nathan Duifhuis,2021-02-28,24hrs,14:56,3.201,1,0,0,17,,18,
bottom,O,3,O03,11:22:00 AM,2021-02-27,Untreated,yes,BAT-urchinO03,Crustose Coralline,Chiharaea americana f. bodegensis,,Chiharaea americana f. bodegensis,Chiharaea,Chihar,Stefanie Duff,2021-03-01,48hrs,16:52,3.201,1,2,4,10,3,20,
top,A,4,A04,9:40:00 AM,2021-02-27,Untreated,yes,BAT-urchinA04,Control,Control,,Control,Control,Contr1,Brenton Twist,2021-02-28,24hrs,9:43,16.46,0,0,1,17,,18,
top,A,4,A04,9:40:00 AM,2021-02-27,Untreated,yes,BAT-urchinA04,Control,Control,,Control,Control,Contr1,Tereno Johson,2021-03-01,48hrs,9:23,16.46,0,1,1,18,,20,
top,C,7,C07,10:08:00 AM,2021-02-27,Untreated,yes,BAT-urchinC07,Control,Control,,Control,Control,Contr1,Brenton Twist,2021-02-28,24hrs,10:54,16.46,0,0,0,17,,17,
top,C,7,C07,10:08:00 AM,2021-02-27,Untreated,yes,BAT-urchinC07,Control,Control,,Control,Control,Contr1,Brenton Twist,2021-03-01,48hrs,10:43,16.46,0,0,1,17,,18,
top,E,2,E02,10:22:00 AM,2021-02-27,Untreated,yes,BAT-urchinE02,Control,Control,,Control,Control,Contr1,Tereno Johson,2021-02-28,24hrs,11:22,15.809,0,0,2,18,,20,
top,E,2,E02,10:22:00 AM,2021-02-27,Untreated,yes,BAT-urchinE02,Control,Control,,Control,Control,Contr1,Jessica Driver,2021-03-01,48hrs,11:57,15.809,0,0,0,20,,20,
middle,G,1,G01,10:35:00 AM,2021-02-27,Untreated,yes,BAT-urchinG01,Control,Control,,Control,Control,Contr1,Nathan Duifhuis,2021-02-28,24hrs,12:01,16.825,0,0,0,16,,16,
middle,G,1,G01,10:35:00 AM,2021-02-27,Untreated,yes,BAT-urchinG01,Control,Control,,Control,Control,Contr1,Will Gartrell,2021-03-01,48hrs,13:37,16.825,0,0,2,16,,18,
middle,I,4,I04,10:49:00 AM,2021-02-27,Untreated,yes,BAT-urchinI04,Control,Control,,Control,Control,Contr1,Nathan Duifhuis,2021-02-28,24hrs,13:06,18.002,0,0,0,17,,17,
middle,I,4,I04,10:49:00 AM,2021-02-27,Untreated,yes,BAT-urchinI04,Control,Control,,Control,Control,Contr1,Joel Filgate-McNabb,2021-03-01,48hrs,14:47,18.002,0,1,7,13,,21,
middle,K,12,K12,11:00:00 AM,2021-02-27,Untreated,yes,BAT-urchinK12,Control,Control,,Control,Control,Contr1,Tereno Johson,2021-02-28,24hrs,13:51,16.643,0,2,1,15,,18,
middle,K,12,K12,11:00:00 AM,2021-02-27,Untreated,yes,BAT-urchinK12,Control,Control,,Control,Control,Contr1,Brenton Twist,2021-03-01,48hrs,15:52,16.643,0,1,0,18,,19,
bottom,M,10,M10,11:11:00 AM,2021-02-27,Untreated,yes,BAT-urchinM10,Control,Control,,Control,Control,Contr1,Tereno Johson,2021-02-28,24hrs,14:23,16.643,0,1,0,19,,20,
bottom,M,10,M10,11:11:00 AM,2021-02-27,Untreated,yes,BAT-urchinM10,Control,Control,,Control,Control,Contr1,Joel Filgate-McNabb,2021-03-01,48hrs,16:24,16.643,0,1,13,5,,19,
bottom,O,12,O12,11:22:00 AM,2021-02-27,Untreated,yes,BAT-urchinO12,Control,Control,,Control,Control,Contr1,Brenton Twist,2021-02-28,24hrs,15:08,16.643,0,0,2,13,,15,
bottom,O,12,O12,11:22:00 AM,2021-02-27,Untreated,yes,BAT-urchinO12,Control,Control,,Control,Control,Contr1,Tereno Johson,2021-03-01,48hrs,17:10,16.643,0,1,3,15,,19,
bottom,M,7,M07,11:11:00 AM,2021-02-27,Untreated,yes,BAT-urchinM07,Crustose Coralline,Crusticorallina muricata,Crusticorallina muricata,Crusticorallina sp1,Crusticorallina,Crust1,Brenton Twist,2021-02-28,24hrs,14:18,2.853,0,2,1,13,,16,
bottom,M,7,M07,11:11:00 AM,2021-02-27,Untreated,yes,BAT-urchinM07,Crustose Coralline,Crusticorallina muricata,Crusticorallina muricata,Crusticorallina sp1,Crusticorallina,Crust1,Tereno Johson,2021-03-01,48hrs,16:20,2.853,0,4,6,9,,19,
top,E,7,E07,10:22:00 AM,2021-02-27,Untreated,yes,BAT-urchinE07,Crustose Coralline,Crusticorallina painei,Crusticorallina painei,Crusticorallina sp1,Crusticorallina,Crust1,Danielle Lacasse,2021-02-28,24hrs,11:36,3.297,3,4,2,9,,18,
top,E,7,E07,10:22:00 AM,2021-02-27,Untreated,yes,BAT-urchinE07,Crustose Coralline,Crusticorallina painei,Crusticorallina painei,Crusticorallina sp1,Crusticorallina,Crust1,Brenton Twist,2021-03-01,48hrs,12:30,3.297,4,6,4,2,,16,
middle,G,13,G13,10:35:00 AM,2021-02-27,Untreated,yes,BAT-urchinG13,Crustose Coralline,Crusticorallina painei,Crusticorallina painei,Crusticorallina sp1,Crusticorallina,Crust1,Nathan Duifhuis,2021-02-28,24hrs,12:47,2.803,2,3,3,6,,14,
middle,G,13,G13,10:35:00 AM,2021-02-27,Untreated,yes,BAT-urchinG13,Crustose Coralline,Crusticorallina painei,Crusticorallina painei,Crusticorallina sp1,Crusticorallina,Crust1,Brenton Twist,2021-03-01,48hrs,14:22,2.803,2,9,2,4,,17,
bottom,O,10,O10,11:22:00 AM,2021-02-27,Untreated,yes,BAT-urchinO10,Crustose Coralline,Crusticorallina painei,Crusticorallina painei,Crusticorallina sp1,Crusticorallina,Crust1,Danielle Lacasse,2021-02-28,24hrs,15:10,3.943,2,0,2,13,,17,
bottom,O,10,O10,11:22:00 AM,2021-02-27,Untreated,yes,BAT-urchinO10,Crustose Coralline,Crusticorallina painei,Crusticorallina painei,Crusticorallina sp1,Crusticorallina,Crust1,Brenton Twist,2021-03-01,48hrs,17:08,3.943,2,0,2,13,,17,
top,A,7,A07,9:40:00 AM,2021-02-27,Untreated,yes,BAT-urchinA07,Crustose Coralline,NA,,Crusticorallina sp1,Crusticorallina,Crust1,Tereno Johson,2021-02-28,24hrs,10:08,2.941,4,0,5,7,,16,
top,A,7,A07,9:40:00 AM,2021-02-27,Untreated,yes,BAT-urchinA07,Crustose Coralline,NA,,Crusticorallina sp1,Crusticorallina,Crust1,Brenton Twist,2021-03-01,48hrs,9:49,2.941,3,1,3,12,,19,
top,C,10,C10,10:08:00 AM,2021-02-27,Untreated,yes,BAT-urchinC10,Crustose Coralline,Crusticorallina painei,Crusticorallina painei,Crusticorallina sp1,Crusticorallina,Crust1,Brenton Twist,2021-02-28,24hrs,11:01,3.738,3,5,4,6,,18,
top,C,10,C10,10:08:00 AM,2021-02-27,Untreated,yes,BAT-urchinC10,Crustose Coralline,Crusticorallina painei,Crusticorallina painei,Crusticorallina sp1,Crusticorallina,Crust1,Tereno Johson,2021-03-01,48hrs,10:52,3.738,2,6,2,7,,17,
middle,I,7,I07,10:49:00 AM,2021-02-27,Untreated,yes,BAT-urchinI07,Crustose Coralline,NA,,Crusticorallina sp1,Crusticorallina,Crust1,Nathan Duifhuis,2021-02-28,24hrs,13:11,1.866,5,0,3,7,,15,
middle,I,7,I07,10:49:00 AM,2021-02-27,Untreated,yes,BAT-urchinI07,Crustose Coralline,NA,,Crusticorallina sp1,Crusticorallina,Crust1,Brenton Twist,2021-03-01,48hrs,14:54,1.866,4,3,3,6,,16,
middle,K,6,K06,11:00:00 AM,2021-02-27,Untreated,yes,BAT-urchinK06,Crustose Coralline,NA,,Crusticorallina sp1,Crusticorallina,Crust1,Danielle Lacasse,2021-02-28,24hrs,13:40,2.167,2,1,3,6,,12,
middle,K,6,K06,11:00:00 AM,2021-02-27,Untreated,yes,BAT-urchinK06,Crustose Coralline,NA,,Crusticorallina sp1,Crusticorallina,Crust1,Tereno Johson,2021-03-01,48hrs,15:36,2.167,3,2,2,9,,16,
bottom,M,14,M14,11:11:00 AM,2021-02-27,Untreated,no,BAT-urchinM14,Crustose Coralline,NA,,Crusticorallina sp2,Crusticorallina,Crust2,Danielle Lacasse,2021-02-28,24hrs,14:29,4.412,5,0,2,11,,18,
bottom,M,14,M14,11:11:00 AM,2021-02-27,Untreated,no,BAT-urchinM14,Crustose Coralline,NA,,Crusticorallina sp2,Crusticorallina,Crust2,Stefanie Duff,2021-03-01,48hrs,16:32,4.412,5,7,6,3,,21,
top,C,4,C04,10:08:00 AM,2021-02-27,Untreated,no,BAT-urchinC04,Crustose Coralline,Crusticorallina adhaerens,Crusticorallina adhaerens,Crusticorallina sp2,Crusticorallina,Crust2,Danielle Lacasse,2021-02-28,24hrs,10:47,3.114,6,3,3,8,3 fell of algae when moved,20,
top,C,4,C04,10:08:00 AM,2021-02-27,Untreated,no,BAT-urchinC04,Crustose Coralline,Crusticorallina adhaerens,Crusticorallina adhaerens,Crusticorallina sp2,Crusticorallina,Crust2,Tereno Johson,2021-03-01,48hrs,10:38,3.114,3,2,0,14,,19,
top,A,2,A02,9:40:00 AM,2021-02-27,Untreated,no,BAT-urchinA02,Crustose Coralline,Crusticorallina painei,Crusticorallina painei,Crusticorallina sp2,Crusticorallina,Crust2,Joel Filgate-McNabb,2021-02-28,24hrs,9:44,2.992,4,0,0,9,2 cat1 on algae,13,
top,A,2,A02,9:40:00 AM,2021-02-27,Untreated,no,BAT-urchinA02,Crustose Coralline,Crusticorallina painei,Crusticorallina painei,Crusticorallina sp2,Crusticorallina,Crust2,Tereno Johson,2021-03-01,48hrs,9:11,2.992,4,3,2,10,,19,
middle,I,6,I06,10:49:00 AM,2021-02-27,Untreated,no,BAT-urchinI06,Crustose Coralline,Crusticorallina painei,Crusticorallina painei,Crusticorallina sp2,Crusticorallina,Crust2,Brenton Twist,2021-02-28,24hrs,13:08,2.419,3,1,0,13,,17,
middle,I,6,I06,10:49:00 AM,2021-02-27,Untreated,no,BAT-urchinI06,Crustose Coralline,Crusticorallina painei,Crusticorallina painei,Crusticorallina sp2,Crusticorallina,Crust2,Stefanie Duff,2021-03-01,48hrs,14:50,2.419,2,2,0,8,,12,
top,E,3,E03,10:22:00 AM,2021-02-27,Untreated,no,BAT-urchinE03,Crustose Coralline,NA,,Crusticorallina sp2,Crusticorallina,Crust2,Tereno Johson,2021-02-28,24hrs,11:27,3.388,4,2,2,11,,19,
top,E,3,E03,10:22:00 AM,2021-02-27,Untreated,no,BAT-urchinE03,Crustose Coralline,NA,,Crusticorallina sp2,Crusticorallina,Crust2,Brenton Twist,2021-03-01,48hrs,12:04,3.388,1,6,2,3,Lots of green algae balls at the bottom hard to distinguish urchins,12,
middle,G,11,G11,10:35:00 AM,2021-02-27,Untreated,no,BAT-urchinG11,Crustose Coralline,Crusticorallina painei,Crusticorallina painei,Crusticorallina sp2,Crusticorallina,Crust2,Tereno Johson,2021-02-28,24hrs,12:40,3.156,5,0,0,15,,20,
middle,G,11,G11,10:35:00 AM,2021-02-27,Untreated,no,BAT-urchinG11,Crustose Coralline,Crusticorallina painei,Crusticorallina painei,Crusticorallina sp2,Crusticorallina,Crust2,Brenton Twist,2021-03-01,48hrs,14:15,3.156,4,0,1,12,Coralline found upside down,17,
middle,K,13,K13,11:00:00 AM,2021-02-27,Untreated,no,BAT-urchinK13,Crustose Coralline,NA,,Crusticorallina sp2,Crusticorallina,Crust2,Brenton Twist,2021-02-28,24hrs,13:51,2.098,6,0,2,11,,19,
middle,K,13,K13,11:00:00 AM,2021-02-27,Untreated,no,BAT-urchinK13,Crustose Coralline,NA,,Crusticorallina sp2,Crusticorallina,Crust2,Joel Filgate-McNabb,2021-03-01,48hrs,15:48,2.098,2,2,8,5,,17,
bottom,O,6,O06,11:22:00 AM,2021-02-27,Untreated,no,BAT-urchinO06,Crustose Coralline,NA,,Crusticorallina sp2,Crusticorallina,Crust2,Nathan Duifhuis,2021-02-28,24hrs,15:01,1.429,2,5,1,8,,16,
bottom,O,6,O06,11:22:00 AM,2021-02-27,Untreated,no,BAT-urchinO06,Crustose Coralline,NA,,Crusticorallina sp2,Crusticorallina,Crust2,Stefanie Duff,2021-03-01,48hrs,17:02,1.429,2,6,3,7,,18,
top,A,14,A14,9:40:00 AM,2021-02-27,Untreated,no,BAT-urchinA14,Fleshy Red Crust,Peyssonnelia spp,,Hildenbrandia ,Hildenbrandia ,Hild,Joel Filgate-McNabb,2021-02-28,24hrs,10:19,3.508,2,0,0,14,,16,
top,A,14,A14,9:40:00 AM,2021-02-27,Untreated,no,BAT-urchinA14,Fleshy Red Crust,Peyssonnelia spp,,Hildenbrandia ,Hildenbrandia ,Hild,Tereno Johson,2021-03-01,48hrs,10:02,3.508,0,2,2,14,,18,
top,C,6,C06,10:08:00 AM,2021-02-27,Untreated,no,BAT-urchinC06,Fleshy Red Crust,Hildenbrandia spp,,Hildenbrandia ,Hildenbrandia ,Hild,Nathan Duifhuis,2021-02-28,24hrs,10:52,2.75,5,2,2,8,,17,
top,C,6,C06,10:08:00 AM,2021-02-27,Untreated,no,BAT-urchinC06,Fleshy Red Crust,Hildenbrandia spp,,Hildenbrandia ,Hildenbrandia ,Hild,Stefanie Duff,2021-03-01,48hrs,10:41,2.75,2,2,0,9,,13,
top,E,5,E05,10:22:00 AM,2021-02-27,Untreated,no,BAT-urchinE05,Fleshy Red Crust,Hildenbrandia spp,,Hildenbrandia ,Hildenbrandia ,Hild,Nathan Duifhuis,2021-02-28,24hrs,11:29,3.132,3,5,6,0,,14,
top,E,5,E05,10:22:00 AM,2021-02-27,Untreated,no,BAT-urchinE05,Fleshy Red Crust,Hildenbrandia spp,,Hildenbrandia ,Hildenbrandia ,Hild,Brenton Twist,2021-03-01,48hrs,12:12,3.132,1,11,0,1,Can't find anymore,13,
middle,G,10,G10,10:35:00 AM,2021-02-27,Untreated,no,BAT-urchinG10,Fleshy Red Crust,Hildenbrandia spp,,Hildenbrandia ,Hildenbrandia ,Hild,Joel Filgate-McNabb,2021-02-28,24hrs,12:39,4.147,2,7,2,2,BT rechecked and found 2 on algae -added,13,
middle,G,10,G10,10:35:00 AM,2021-02-27,Untreated,no,BAT-urchinG10,Fleshy Red Crust,Hildenbrandia spp,,Hildenbrandia ,Hildenbrandia ,Hild,Will Gartrell,2021-03-01,48hrs,14:13,4.147,4,10,3,1,,18,
middle,I,9,I09,10:49:00 AM,2021-02-27,Untreated,no,BAT-urchinI09,Fleshy Red Crust,NA,,Hildenbrandia ,Hildenbrandia ,Hild,Danielle Lacasse,2021-02-28,24hrs,13:14,3.513,1,2,7,11,Consider removing- Looks like a mix of species,21,
middle,I,9,I09,10:49:00 AM,2021-02-27,Untreated,no,BAT-urchinI09,Fleshy Red Crust,NA,,Hildenbrandia ,Hildenbrandia ,Hild,Stefanie Duff,2021-03-01,48hrs,14:58,3.513,1,2,3,11,Consider removing- Looks like a mix of species,17,
middle,K,11,K11,11:00:00 AM,2021-02-27,Untreated,no,BAT-urchinK11,Fleshy Red Crust,Hildenbrandia spp,,Hildenbrandia ,Hildenbrandia ,Hild,Joel Filgate-McNabb,2021-02-28,24hrs,13:47,1.764,0,0,2,16,,18,
middle,K,11,K11,11:00:00 AM,2021-02-27,Untreated,no,BAT-urchinK11,Fleshy Red Crust,Hildenbrandia spp,,Hildenbrandia ,Hildenbrandia ,Hild,Tereno Johson,2021-03-01,48hrs,15:49,1.764,2,2,0,13,,17,
bottom,M,13,M13,11:11:00 AM,2021-02-27,Untreated,no,BAT-urchinM13,Fleshy Red Crust,Hildenbrandia spp,,Hildenbrandia ,Hildenbrandia ,Hild,Tereno Johson,2021-02-28,24hrs,14:29,3.109,1,3,1,10,Looks like a different species of hild 1/2,15,
bottom,M,13,M13,11:11:00 AM,2021-02-27,Untreated,no,BAT-urchinM13,Fleshy Red Crust,Hildenbrandia spp,,Hildenbrandia ,Hildenbrandia ,Hild,Brenton Twist,2021-03-01,48hrs,16:28,3.109,1,0,1,10,Looks like a different species of hild 1/3,12,
bottom,O,5,O05,11:22:00 AM,2021-02-27,Untreated,no,BAT-urchinO05,Fleshy Red Crust,Hildenbrandia spp,,Hildenbrandia ,Hildenbrandia ,Hild,Brenton Twist,2021-02-28,24hrs,14:55,3.334,0,13,4,1,,18,
bottom,O,5,O05,11:22:00 AM,2021-02-27,Untreated,no,BAT-urchinO05,Fleshy Red Crust,Hildenbrandia spp,,Hildenbrandia ,Hildenbrandia ,Hild,Brenton Twist,2021-03-01,48hrs,16:55,3.334,0,13,4,0,,17,
top,C,2,C02,10:08:00 AM,2021-02-27,Untreated,yes,BAT-urchinC02,Crustose Coralline,Lithophyllum Corsp27BC,Lithophyllum Corsp27BC,Lithophyllum sp1,Lithophyllum ,Lithoph1,Brenton Twist,2021-02-28,24hrs,10:45,3.025,0,0,2,16,,18,
top,C,2,C02,10:08:00 AM,2021-02-27,Untreated,yes,BAT-urchinC02,Crustose Coralline,Lithophyllum Corsp27BC,Lithophyllum Corsp27BC,Lithophyllum sp1,Lithophyllum ,Lithoph1,Brenton Twist,2021-03-01,48hrs,10:33,3.025,0,0,0,17,,17,
middle,I,11,I11,10:49:00 AM,2021-02-27,Untreated,yes,BAT-urchinI11,Crustose Coralline,Lithophyllum Corsp27BC,Lithophyllum Corsp27BC,Lithophyllum sp1,Lithophyllum ,Lithoph1,Brenton Twist,2021-02-28,24hrs,13:15,3.061,3,2,3,10,,18,
middle,I,11,I11,10:49:00 AM,2021-02-27,Untreated,yes,BAT-urchinI11,Crustose Coralline,Lithophyllum Corsp27BC,Lithophyllum Corsp27BC,Lithophyllum sp1,Lithophyllum ,Lithoph1,Tereno Johson,2021-03-01,48hrs,15:02,3.061,3,2,2,13,,20,
bottom,O,11,O11,11:22:00 AM,2021-02-27,Untreated,yes,BAT-urchinO11,Crustose Coralline,Lithophyllum Corsp27BC,Lithophyllum Corsp27BC,Lithophyllum sp1,Lithophyllum ,Lithoph1,Nathan Duifhuis,2021-02-28,24hrs,15:11,2.083,6,0,3,10,,19,
bottom,O,11,O11,11:22:00 AM,2021-02-27,Untreated,yes,BAT-urchinO11,Crustose Coralline,Lithophyllum Corsp27BC,Lithophyllum Corsp27BC,Lithophyllum sp1,Lithophyllum ,Lithoph1,Stefanie Duff,2021-03-01,48hrs,17:11,2.083,5,2,4,5,,16,
top,A,6,A06,9:40:00 AM,2021-02-27,Untreated,yes,BAT-urchinA06,Crustose Coralline,Lithophyllum Corsp27BC,Lithophyllum Corsp27BC,Lithophyllum sp1,Lithophyllum ,Lithoph1,Brenton Twist,2021-02-28,24hrs,9:53,1.172,0,3,4,10,,17,
top,A,6,A06,9:40:00 AM,2021-02-27,Untreated,yes,BAT-urchinA06,Crustose Coralline,Lithophyllum Corsp27BC,Lithophyllum Corsp27BC,Lithophyllum sp1,Lithophyllum ,Lithoph1,Tereno Johson,2021-03-01,48hrs,9:29,1.172,1,2,2,13,,18,
top,E,11,E11,10:22:00 AM,2021-02-27,Untreated,yes,BAT-urchinE11,Crustose Coralline,Lithophyllum Corsp27BC,Lithophyllum Corsp27BC,Lithophyllum sp1,Lithophyllum ,Lithoph1,Joel Filgate-McNabb,2021-02-28,24hrs,11:39,2.727,0,2,0,15,1 cat1 on algae,17,
top,E,11,E11,10:22:00 AM,2021-02-27,Untreated,yes,BAT-urchinE11,Crustose Coralline,Lithophyllum Corsp27BC,Lithophyllum Corsp27BC,Lithophyllum sp1,Lithophyllum ,Lithoph1,Jessica Driver,2021-03-01,48hrs,12:47,2.727,0,2,5,13,,20,
middle,G,5,G05,10:35:00 AM,2021-02-27,Untreated,yes,BAT-urchinG05,Crustose Coralline,Lithophyllum Corsp27BC,Lithophyllum Corsp27BC,Lithophyllum sp1,Lithophyllum ,Lithoph1,Tereno Johson,2021-02-28,24hrs,12:07,2.8,1,1,1,17,,20,
middle,G,5,G05,10:35:00 AM,2021-02-27,Untreated,yes,BAT-urchinG05,Crustose Coralline,Lithophyllum Corsp27BC,Lithophyllum Corsp27BC,Lithophyllum sp1,Lithophyllum ,Lithoph1,Joel Filgate-McNabb,2021-03-01,48hrs,13:52,2.8,1,1,1,16,1 cat1 on algae,19,
middle,K,9,K09,11:00:00 AM,2021-02-27,Untreated,yes,BAT-urchinK09,Crustose Coralline,Lithophyllum Corsp27BC,,Lithophyllum sp1,Lithophyllum ,Lithoph1,Nathan Duifhuis,2021-02-28,24hrs,13:46,2.726,0,0,0,17,,17,
middle,K,9,K09,11:00:00 AM,2021-02-27,Untreated,yes,BAT-urchinK09,Crustose Coralline,Lithophyllum Corsp27BC,,Lithophyllum sp1,Lithophyllum ,Lithoph1,Tereno Johson,2021-03-01,48hrs,15:43,2.726,1,3,3,12,,19,
bottom,M,4,M04,11:11:00 AM,2021-02-27,Untreated,yes,BAT-urchinM04,Crustose Coralline,Lithophyllum Corsp27BC,Lithophyllum Corsp27BC,Lithophyllum sp1,Lithophyllum ,Lithoph1,Nathan Duifhuis,2021-02-28,24hrs,14:10,2.102,0,3,3,11,,17,
bottom,M,4,M04,11:11:00 AM,2021-02-27,Untreated,yes,BAT-urchinM04,Crustose Coralline,Lithophyllum Corsp27BC,Lithophyllum Corsp27BC,Lithophyllum sp1,Lithophyllum ,Lithoph1,Stefanie Duff,2021-03-01,48hrs,16:12,2.102,0,3,3,7,,13,
middle,K,2,K02,11:00:00 AM,2021-02-27,Untreated,yes,BAT-urchinK02,Crustose Coralline,Lithophyllum Corsp27BC,Lithophyllum Corsp27BC,Lithophyllum sp2,Lithophyllum ,Lithoph2,Tereno Johson,2021-02-28,24hrs,13:35,3.426,5,1,6,8,,20,
middle,K,2,K02,11:00:00 AM,2021-02-27,Untreated,yes,BAT-urchinK02,Crustose Coralline,Lithophyllum Corsp27BC,Lithophyllum Corsp27BC,Lithophyllum sp2,Lithophyllum ,Lithoph2,Brenton Twist,2021-03-01,48hrs,15:27,3.426,4,1,1,13,,19,
bottom,M,9,M09,11:11:00 AM,2021-02-27,Untreated,yes,BAT-urchinM09,Crustose Coralline,Lithophyllum Corsp27BC,Lithophyllum Corsp27BC,Lithophyllum sp2,Lithophyllum ,Lithoph2,Danielle Lacasse,2021-02-28,24hrs,14:22,2.86,0,2,1,15,,18,
bottom,M,9,M09,11:11:00 AM,2021-02-27,Untreated,yes,BAT-urchinM09,Crustose Coralline,Lithophyllum Corsp27BC,Lithophyllum Corsp27BC,Lithophyllum sp2,Lithophyllum ,Lithoph2,Brenton Twist,2021-03-01,48hrs,16:23,2.86,1,1,0,15,,17,
bottom,O,8,O08,11:22:00 AM,2021-02-27,Untreated,yes,BAT-urchinO08,Crustose Coralline,Lithophyllum Corsp27BC,Lithophyllum Corsp27BC,Lithophyllum sp2,Lithophyllum ,Lithoph2,Tereno Johson,2021-02-28,24hrs,15:01,3.209,5,3,0,12,,20,
bottom,O,8,O08,11:22:00 AM,2021-02-27,Untreated,yes,BAT-urchinO08,Crustose Coralline,Lithophyllum Corsp27BC,Lithophyllum Corsp27BC,Lithophyllum sp2,Lithophyllum ,Lithoph2,Brenton Twist,2021-03-01,48hrs,17:01,3.209,4,1,2,11,,18,
top,A,8,A08,9:40:00 AM,2021-02-27,Untreated,yes,BAT-urchinA08,Crustose Coralline,Lithophyllum sp4,Lithophyllum sp4,Lithophyllum sp2,Lithophyllum ,Lithoph2,Brenton Twist,2021-02-28,24hrs,10:08,3.348,0,0,2,12,,14,
top,A,8,A08,9:40:00 AM,2021-02-27,Untreated,yes,BAT-urchinA08,Crustose Coralline,Lithophyllum sp4,Lithophyllum sp4,Lithophyllum sp2,Lithophyllum ,Lithoph2,Brenton Twist,2021-03-01,48hrs,9:38,3.348,0,0,2,12,Wasn't recordeed after 24hrs!! Use this one as 24 hours. Half recored by stefanie - 2 in stage 3. Can't find anymore,14,
top,C,13,C13,10:08:00 AM,2021-02-27,Untreated,yes,BAT-urchinC13,Crustose Coralline,Lithophyllum Corsp27BC,Lithophyllum Corsp27BC,Lithophyllum sp2,Lithophyllum ,Lithoph2,Joel Filgate-McNabb,2021-02-28,24hrs,11:08,2.882,2,0,0,15,,17,
top,C,13,C13,10:08:00 AM,2021-02-27,Untreated,yes,BAT-urchinC13,Crustose Coralline,Lithophyllum Corsp27BC,Lithophyllum Corsp27BC,Lithophyllum sp2,Lithophyllum ,Lithoph2,Brenton Twist,2021-03-01,48hrs,11:04,2.882,1,2,2,14,,19,
top,E,6,E06,10:22:00 AM,2021-02-27,Untreated,yes,BAT-urchinE06,Crustose Coralline,Lithophyllum Corsp27BC,Lithophyllum Corsp27BC,Lithophyllum sp2,Lithophyllum ,Lithoph2,Brenton Twist,2021-02-28,24hrs,11:31,2.555,2,1,1,13,,17,
top,E,6,E06,10:22:00 AM,2021-02-27,Untreated,yes,BAT-urchinE06,Crustose Coralline,Lithophyllum Corsp27BC,Lithophyllum Corsp27BC,Lithophyllum sp2,Lithophyllum ,Lithoph2,Jessica Driver,2021-03-01,48hrs,12:15,2.555,2,1,1,16,,20,
middle,G,6,G06,10:35:00 AM,2021-02-27,Untreated,yes,BAT-urchinG06,Crustose Coralline,Lithophyllum sp4,Lithophyllum sp4,Lithophyllum sp2,Lithophyllum ,Lithoph2,Joel Filgate-McNabb,2021-02-28,24hrs,12:07,3.551,0,2,1,15,1 cat1 on algae,18,
middle,G,6,G06,10:35:00 AM,2021-02-27,Untreated,yes,BAT-urchinG06,Crustose Coralline,Lithophyllum sp4,Lithophyllum sp4,Lithophyllum sp2,Lithophyllum ,Lithoph2,Joel Filgate-McNabb,2021-03-01,48hrs,13:59,3.551,1,0,2,15,1 cat1 on algae,18,
middle,I,13,I13,10:49:00 AM,2021-02-27,Untreated,yes,BAT-urchinI13,Crustose Coralline,Lithophyllum Corsp27BC,Lithophyllum Corsp27BC,Lithophyllum sp2,Lithophyllum ,Lithoph2,Nathan Duifhuis,2021-02-28,24hrs,13:01,4.057,1,2,0,10,,13,
middle,I,13,I13,10:49:00 AM,2021-02-27,Untreated,yes,BAT-urchinI13,Crustose Coralline,Lithophyllum Corsp27BC,Lithophyllum Corsp27BC,Lithophyllum sp2,Lithophyllum ,Lithoph2,Stefanie Duff,2021-03-01,48hrs,15:04,4.057,1,2,2,7,,12,
bottom,O,7,O07,11:22:00 AM,2021-02-27,Untreated,yes,BAT-urchinO07,Crustose Coralline,Lithothamnion glaciale,,Lithothamnion sp1,Lithothamnion,Lithoth,Brenton Twist,2021-02-28,24hrs,15:01,2.314,3,0,0,11,,14,
bottom,O,7,O07,11:22:00 AM,2021-02-27,Untreated,yes,BAT-urchinO07,Crustose Coralline,Lithothamnion glaciale,,Lithothamnion sp1,Lithothamnion,Lithoth,Tereno Johson,2021-03-01,48hrs,17:02,2.314,3,0,4,13,,20,
top,A,12,A12,9:40:00 AM,2021-02-27,Untreated,yes,BAT-urchinA12,Crustose Coralline,Lithothamnion glaciale,Lithothamnion glaciale,Lithothamnion sp1,Lithothamnion,Lithoth,Joel Filgate-McNabb,2021-02-28,24hrs,10:07,2.453,5,0,3,7,"2 cat1 on algae, 1 cat3 on algae",15,
top,A,12,A12,9:40:00 AM,2021-02-27,Untreated,yes,BAT-urchinA12,Crustose Coralline,Lithothamnion glaciale,Lithothamnion glaciale,Lithothamnion sp1,Lithothamnion,Lithoth,Tereno Johson,2021-03-01,48hrs,9:56,2.453,3,4,1,11,,19,
top,C,1,C01,10:08:00 AM,2021-02-27,Untreated,yes,BAT-urchinC01,Crustose Coralline,Lithothamnion glaciale,Lithothamnion glaciale,Lithothamnion sp1,Lithothamnion,Lithoth,Tereno Johson,2021-02-28,24hrs,10:02,3.521,3,3,1,11,,18,
top,C,1,C01,10:08:00 AM,2021-02-27,Untreated,yes,BAT-urchinC01,Crustose Coralline,Lithothamnion glaciale,Lithothamnion glaciale,Lithothamnion sp1,Lithothamnion,Lithoth,Tereno Johson,2021-03-01,48hrs,10:26,3.521,2,4,1,11,,18,
bottom,M,3,M03,11:11:00 AM,2021-02-27,Untreated,yes,BAT-urchinM03,Crustose Coralline,Lithothamnion glaciale,Lithothamnion glaciale,Lithothamnion sp1,Lithothamnion,Lithoth,Tereno Johson,2021-02-28,24hrs,14:07,1.75,1,1,4,12,,18,
bottom,M,3,M03,11:11:00 AM,2021-02-27,Untreated,yes,BAT-urchinM03,Crustose Coralline,Lithothamnion glaciale,Lithothamnion glaciale,Lithothamnion sp1,Lithothamnion,Lithoth,Tereno Johson,2021-03-01,48hrs,16:13,1.75,2,1,6,11,,20,
top,E,13,E13,10:22:00 AM,2021-02-27,Untreated,yes,BAT-urchinE13,Crustose Coralline,Lithothamnion glaciale,Lithothamnion glaciale,Lithothamnion sp1,Lithothamnion,Lithoth,Tereno Johson,2021-02-28,24hrs,11:45,3.16,3,1,4,12,,20,
top,E,13,E13,10:22:00 AM,2021-02-27,Untreated,yes,BAT-urchinE13,Crustose Coralline,Lithothamnion glaciale,Lithothamnion glaciale,Lithothamnion sp1,Lithothamnion,Lithoth,Jessica Driver,2021-03-01,48hrs,12:57,3.16,3,1,6,10,3 Moralities in stage 1-2 - BT Not sure if mortalities ,20,
middle,G,8,G08,10:35:00 AM,2021-02-27,Untreated,yes,BAT-urchinG08,Crustose Coralline,Lithothamnion glaciale,,Lithothamnion sp1,Lithothamnion,Lithoth,Joel Filgate-McNabb,2021-02-28,24hrs,12:13,3.302,3,2,0,15,,20,
middle,G,8,G08,10:35:00 AM,2021-02-27,Untreated,yes,BAT-urchinG08,Crustose Coralline,Lithothamnion glaciale,,Lithothamnion sp1,Lithothamnion,Lithoth,Joel Filgate-McNabb,2021-03-01,48hrs,14:04,3.302,3,1,4,15,1 cat1 on algae,23,
middle,I,12,I12,10:49:00 AM,2021-02-27,Untreated,yes,BAT-urchinI12,Crustose Coralline,Lithothamnion glaciale,,Lithothamnion sp1,Lithothamnion,Lithoth,Joel Filgate-McNabb,2021-02-28,24hrs,13:17,2.35,2,1,0,12,,15,
middle,I,12,I12,10:49:00 AM,2021-02-27,Untreated,yes,BAT-urchinI12,Crustose Coralline,Lithothamnion glaciale,,Lithothamnion sp1,Lithothamnion,Lithoth,Joel Filgate-McNabb,2021-03-01,48hrs,15:02,2.35,2,3,5,9,,19,
middle,K,3,K03,11:00:00 AM,2021-02-27,Untreated,yes,BAT-urchinK03,Crustose Coralline,Lithothamnion glaciale,,Lithothamnion sp1,Lithothamnion,Lithoth,Joel Filgate-McNabb,2021-02-28,24hrs,13:37,2.059,2,1,0,15,1 cat1 on algae,18,
middle,K,3,K03,11:00:00 AM,2021-02-27,Untreated,yes,BAT-urchinK03,Crustose Coralline,Lithothamnion glaciale,,Lithothamnion sp1,Lithothamnion,Lithoth,Tereno Johson,2021-03-01,48hrs,15:30,2.059,3,2,0,14,,19,
top,E,1,E01,10:22:00 AM,2021-02-27,Untreated,yes,BAT-urchinE01,Crustose Coralline,Lithothamnion glaciale,Lithothamnion glaciale,Lumpy/Warty Lithothamnion like sp2,Lithothamnion,Lumpy-Lithoth,Nathan Duifhuis,2021-02-28,24hrs,11:20,1.973,0,0,2,16,,18,
top,E,1,E01,10:22:00 AM,2021-02-27,Untreated,yes,BAT-urchinE01,Crustose Coralline,Lithothamnion glaciale,Lithothamnion glaciale,Lumpy/Warty Lithothamnion like sp2,Lithothamnion,Lumpy-Lithoth,Brenton Twist,2021-03-01,48hrs,11:58,1.973,0,1,0,16,,17,
middle,G,12,G12,10:35:00 AM,2021-02-27,Untreated,yes,BAT-urchinG12,Crustose Coralline,Lithothamnion glaciale,Lithothamnion glaciale,Lumpy/Warty Lithothamnion like sp2,Lithothamnion,Lumpy-Lithoth,Nathan Duifhuis,2021-02-28,24hrs,12:40,3.837,5,1,0,10,,16,
middle,G,12,G12,10:35:00 AM,2021-02-27,Untreated,yes,BAT-urchinG12,Crustose Coralline,Lithothamnion glaciale,Lithothamnion glaciale,Lumpy/Warty Lithothamnion like sp2,Lithothamnion,Lumpy-Lithoth,Stefanie Duff,2021-03-01,48hrs,14:20,3.837,3,5,1,11,,20,
bottom,M,1,M01,11:11:00 AM,2021-02-27,Untreated,yes,BAT-urchinM01,Crustose Coralline,Lithothamnion glaciale,Lithothamnion glaciale,Lumpy/Warty Lithothamnion like sp2,Lithothamnion,Lumpy-Lithoth,Brenton Twist,2021-02-28,24hrs,14:04,1.989,2,6,0,7,,15,
bottom,M,1,M01,11:11:00 AM,2021-02-27,Untreated,yes,BAT-urchinM01,Crustose Coralline,Lithothamnion glaciale,Lithothamnion glaciale,Lumpy/Warty Lithothamnion like sp2,Lithothamnion,Lumpy-Lithoth,Tereno Johson,2021-03-01,48hrs,16:09,1.989,3,5,0,12,,20,
bottom,O,9,O09,11:22:00 AM,2021-02-27,Untreated,yes,BAT-urchinO09,Crustose Coralline,Lithothamnion phymatodeum,Lithothamnion phymatodeum,Lumpy/Warty Lithothamnion like sp2,Lithothamnion,Lumpy-Lithoth,Tereno Johson,2021-02-28,24hrs,15:08,2.919,2,3,1,13,,19,
bottom,O,9,O09,11:22:00 AM,2021-02-27,Untreated,yes,BAT-urchinO09,Crustose Coralline,Lithothamnion phymatodeum,Lithothamnion phymatodeum,Lumpy/Warty Lithothamnion like sp2,Lithothamnion,Lumpy-Lithoth,Joel Filgate-McNabb,2021-03-01,48hrs,17:05,2.919,1,3,15,1,,20,
top,A,1,A01,9:40:00 AM,2021-02-27,Untreated,yes,BAT-urchinA01,Crustose Coralline,NA,,Lumpy/Warty Lithothamnion like sp2,Lithothamnion,Lumpy-Lithoth,Tereno Johson,2021-02-28,24hrs,9:41,3.388,2,4,2,11,,19,
top,A,1,A01,9:40:00 AM,2021-02-27,Untreated,yes,BAT-urchinA01,Crustose Coralline,NA,,Lumpy/Warty Lithothamnion like sp2,Lithothamnion,Lumpy-Lithoth,Brenton Twist,2021-03-01,48hrs,9:14,3.388,1,0,3,11,,15,
top,C,8,C08,10:08:00 AM,2021-02-27,Untreated,yes,BAT-urchinC08,Crustose Coralline,NA,,Lumpy/Warty Lithothamnion like sp2,Lithothamnion,Lumpy-Lithoth,Joel Filgate-McNabb,2021-02-28,24hrs,10:55,4.896,4,0,1,17,1 cat 1 on algae,22,
top,C,8,C08,10:08:00 AM,2021-02-27,Untreated,yes,BAT-urchinC08,Crustose Coralline,NA,,Lumpy/Warty Lithothamnion like sp2,Lithothamnion,Lumpy-Lithoth,Tereno Johson,2021-03-01,48hrs,10:45,4.896,7,0,2,10,,19,
middle,I,8,I08,10:49:00 AM,2021-02-27,Untreated,yes,BAT-urchinI08,Crustose Coralline,NA,,Lumpy/Warty Lithothamnion like sp2,Lithothamnion,Lumpy-Lithoth,Joel Filgate-McNabb,2021-02-28,24hrs,13:13,2.812,4,1,0,14,1 cat1 on algae,19,
middle,I,8,I08,10:49:00 AM,2021-02-27,Untreated,yes,BAT-urchinI08,Crustose Coralline,NA,,Lumpy/Warty Lithothamnion like sp2,Lithothamnion,Lumpy-Lithoth,Joel Filgate-McNabb,2021-03-01,48hrs,14:55,2.812,7,1,8,5,,21,
middle,K,7,K07,11:00:00 AM,2021-02-27,Untreated,yes,BAT-urchinK07,Crustose Coralline,Lithothamnion glaciale,Lithothamnion glaciale,Lumpy/Warty Lithothamnion like sp2,Lithothamnion,Lumpy-Lithoth,Brenton Twist,2021-03-01,48hrs,15:37,2.646,3,3,0,8,,14,
middle,K,7,K07,11:00:00 AM,2021-02-27,Untreated,yes,BAT-urchinK07,Crustose Coralline,Lithothamnion glaciale,Lithothamnion glaciale,Lumpy/Warty Lithothamnion like sp2,Lithothamnion,Lumpy-Lithoth,Tereno Johson,2021-02-28,24hrs,13:42,2.646,3,3,3,9,,18,
top,E,4,E04,10:22:00 AM,2021-02-27,Untreated,no,BAT-urchinE04,Rhodolith Coralline,Lithothamnion sp Rhodolith,Lithothamnion sp1,Rhodolith sp1 ,Lithothamnion,Rhodo,Joel Filgate-McNabb,2021-02-28,24hrs,11:28,2.49,4,2,0,7,1 cat1 on algae,13,
top,E,4,E04,10:22:00 AM,2021-02-27,Untreated,no,BAT-urchinE04,Rhodolith Coralline,Lithothamnion sp Rhodolith,Lithothamnion sp1,Rhodolith sp1 ,Lithothamnion,Rhodo,Jessica Driver,2021-03-01,48hrs,12:04,2.49,6,2,3,6,1 cat 2 on coralline,17,
top,A,11,A11,9:40:00 AM,2021-02-27,Untreated,no,BAT-urchinA11,Rhodolith Coralline,Lithothamnion sp Rhodolith,,Rhodolith sp1 ,Lithothamnion,Rhodo,Danielle Lacasse,2021-02-28,24hrs,10:01,2.124,3,0,6,9,Spilled some media - next count may be low,18,
top,A,11,A11,9:40:00 AM,2021-02-27,Untreated,no,BAT-urchinA11,Rhodolith Coralline,Lithothamnion sp Rhodolith,,Rhodolith sp1 ,Lithothamnion,Rhodo,Tereno Johson,2021-03-01,48hrs,9:47,2.124,4,4,2,7,,17,
top,C,9,C09,10:08:00 AM,2021-02-27,Untreated,no,BAT-urchinC09,Rhodolith Coralline,Lithothamnion sp Rhodolith,,Rhodolith sp1 ,Lithothamnion,Rhodo,Danielle Lacasse,2021-02-28,24hrs,10:59,3.101,1,1,2,12,,16,
top,C,9,C09,10:08:00 AM,2021-02-27,Untreated,no,BAT-urchinC09,Rhodolith Coralline,Lithothamnion sp Rhodolith,,Rhodolith sp1 ,Lithothamnion,Rhodo,Brenton Twist,2021-03-01,48hrs,10:46,3.101,1,0,0,15,,16,
middle,G,3,G03,10:35:00 AM,2021-02-27,Untreated,no,BAT-urchinG03,Rhodolith Coralline,Lithothamnion sp Rhodolith,,Rhodolith sp1 ,Lithothamnion,Rhodo,Danielle Lacasse,2021-02-28,24hrs,12:03,2.311,4,3,3,7,,17,
middle,G,3,G03,10:35:00 AM,2021-02-27,Untreated,no,BAT-urchinG03,Rhodolith Coralline,Lithothamnion sp Rhodolith,,Rhodolith sp1 ,Lithothamnion,Rhodo,Joel Filgate-McNabb,2021-03-01,48hrs,13:44,2.311,4,3,1,8,,16,
middle,I,3,I03,10:49:00 AM,2021-02-27,Untreated,no,BAT-urchinI03,Rhodolith Coralline,Lithothamnion sp Rhodolith,,Rhodolith sp1 ,Lithothamnion,Rhodo,Joel Filgate-McNabb,2021-02-28,24hrs,13:04,1.962,1,0,0,13,,14,
middle,I,3,I03,10:49:00 AM,2021-02-27,Untreated,no,BAT-urchinI03,Rhodolith Coralline,Lithothamnion sp Rhodolith,,Rhodolith sp1 ,Lithothamnion,Rhodo,Brenton Twist,2021-03-01,48hrs,14:45,1.962,1,1,1,11,,14,
middle,K,10,K10,11:00:00 AM,2021-02-27,Untreated,no,BAT-urchinK10,Rhodolith Coralline,Lithothamnion sp Rhodolith,,Rhodolith sp1 ,Lithothamnion,Rhodo,Brenton Twist,2021-02-28,24hrs,13:45,2.442,2,0,1,17,,20,
middle,K,10,K10,11:00:00 AM,2021-02-27,Untreated,no,BAT-urchinK10,Rhodolith Coralline,Lithothamnion sp Rhodolith,,Rhodolith sp1 ,Lithothamnion,Rhodo,Brenton Twist,2021-03-01,48hrs,15:46,2.442,1,0,1,18,,20,
bottom,M,5,M05,11:11:00 AM,2021-02-27,Untreated,no,BAT-urchinM05,Rhodolith Coralline,Lithothamnion sp Rhodolith,,Rhodolith sp1 ,Lithothamnion,Rhodo,Tereno Johson,2021-02-28,24hrs,14:15,2.11,4,1,2,13,,20,
bottom,M,5,M05,11:11:00 AM,2021-02-27,Untreated,no,BAT-urchinM05,Rhodolith Coralline,Lithothamnion sp Rhodolith,,Rhodolith sp1 ,Lithothamnion,Rhodo,Joel Filgate-McNabb,2021-03-01,48hrs,16:15,2.11,4,1,5,7,,17,
bottom,O,13,O13,11:22:00 AM,2021-02-27,Untreated,no,BAT-urchinO13,Rhodolith Coralline,Lithothamnion sp Rhodolith,,Rhodolith sp1 ,Lithothamnion,Rhodo,Brenton Twist,2021-02-28,24hrs,15:14,1.603,1,1,1,10,,13,
bottom,O,13,O13,11:22:00 AM,2021-02-27,Untreated,no,BAT-urchinO13,Rhodolith Coralline,Lithothamnion sp Rhodolith,,Rhodolith sp1 ,Lithothamnion,Rhodo,Joel Filgate-McNabb,2021-03-01,48hrs,17:11,1.603,2,1,9,2,,14,
top,A,13,A13,9:40:00 AM,2021-02-27,Untreated,no,BAT-urchinA13,Crustose Coralline,Corsp23BCcrust,Corsp23BCcrust,UKN 1 Fruiticose crust ,UNK,UKN1,Nathan Duifhuis,2021-02-28,24hrs,10:15,3.365,5,3,1,7,One of the metamorphosed on jar appears to have fallen off coralline,16,
top,A,13,A13,9:40:00 AM,2021-02-27,Untreated,no,BAT-urchinA13,Crustose Coralline,Corsp23BCcrust,Corsp23BCcrust,UKN 1 Fruiticose crust ,UNK,UKN1,Brenton Twist,2021-03-01,48hrs,9:58,3.365,3,4,3,7,,17,
middle,G,4,G04,10:35:00 AM,2021-02-27,Untreated,no,BAT-urchinG04,Crustose Coralline,Corsp23BCcrust,Corsp23BCcrust,UKN 1 Fruiticose crust ,UNK,UKN1,Nathan Duifhuis,2021-02-28,24hrs,12:07,2.541,2,0,1,13,,16,
middle,G,4,G04,10:35:00 AM,2021-02-27,Untreated,no,BAT-urchinG04,Crustose Coralline,Corsp23BCcrust,Corsp23BCcrust,UKN 1 Fruiticose crust ,UNK,UKN1,Will Gartrell,2021-03-01,48hrs,13:46,2.541,3,0,1,14,,18,
middle,I,5,I05,10:49:00 AM,2021-02-27,Untreated,no,BAT-urchinI05,Crustose Coralline,Corsp23BCcrust,Corsp23BCcrust,UKN 1 Fruiticose crust ,UNK,UKN1,Tereno Johson,2021-02-28,24hrs,13:08,2.183,6,3,2,8,,19,
middle,I,5,I05,10:49:00 AM,2021-02-27,Untreated,no,BAT-urchinI05,Crustose Coralline,Corsp23BCcrust,Corsp23BCcrust,UKN 1 Fruiticose crust ,UNK,UKN1,Tereno Johson,2021-03-01,48hrs,14:53,2.183,3,3,1,11,,18,
bottom,O,2,O02,11:22:00 AM,2021-02-27,Untreated,no,BAT-urchinO02,Crustose Coralline,Corsp23BCcrust,Corsp23BCcrust,UKN 1 Fruiticose crust ,UNK,UKN1,Tereno Johson,2021-02-28,24hrs,14:52,3.109,0,2,2,14,,18,
bottom,O,2,O02,11:22:00 AM,2021-02-27,Untreated,no,BAT-urchinO02,Crustose Coralline,Corsp23BCcrust,Corsp23BCcrust,UKN 1 Fruiticose crust ,UNK,UKN1,Stefanie Duff,2021-03-01,48hrs,17:37,3.109,7,0,5,0,Didn't have mark so recounted,12,
top,E,14,E14,10:22:00 AM,2021-02-27,Untreated,no,BAT-urchinE14,Crustose Coralline,Corsp23BCcrust,,UKN 1 Fruiticose crust ,UNK,UKN1,Joel Filgate-McNabb,2021-02-28,24hrs,11:47,2.535,3,1,1,9,,14,
top,E,14,E14,10:22:00 AM,2021-02-27,Untreated,no,BAT-urchinE14,Crustose Coralline,Corsp23BCcrust,,UKN 1 Fruiticose crust ,UNK,UKN1,Jessica Driver,2021-03-01,48hrs,13:03,2.535,4,2,3,4,"Several Mortalities, Unidentifiable",13,
bottom,M,2,M02,11:11:00 AM,2021-02-27,Untreated,no,BAT-urchinM02,Crustose Coralline,Corsp23BCcrust,,UKN 1 Fruiticose crust ,UNK,UKN1,Nathan Duifhuis,2021-02-28,24hrs,14:03,2.602,5,0,2,6,,13,
bottom,M,2,M02,11:11:00 AM,2021-02-27,Untreated,no,BAT-urchinM02,Crustose Coralline,Corsp23BCcrust,,UKN 1 Fruiticose crust ,UNK,UKN1,Stefanie Duff,2021-03-01,48hrs,16:06,2.602,3,0,2,6,,11,
top,A,10,A10,9:40:00 AM,2021-02-27,Untreated,no,BAT-urchinA10,Crustose Coralline,Corsp7BCcrsut,Corsp7BCcrsut,UKN 2 smooth crust,UNK,UNK2,Brenton Twist,2021-02-28,24hrs,10:07,2.222,2,0,2,12,,16,
top,A,10,A10,9:40:00 AM,2021-02-27,Untreated,no,BAT-urchinA10,Crustose Coralline,Corsp7BCcrsut,Corsp7BCcrsut,UKN 2 smooth crust,UNK,UNK2,Tereno Johson,2021-03-01,48hrs,9:39,2.222,3,0,1,15,,19,
middle,I,2,I02,10:49:00 AM,2021-02-27,Untreated,no,BAT-urchinI02,Crustose Coralline,Corsp7BCcrsut,Corsp7BCcrsut,UKN 2 smooth crust,UNK,UNK2,Tereno Johson,2021-02-28,24hrs,13:02,3.475,1,1,4,12,,18,
middle,I,2,I02,10:49:00 AM,2021-02-27,Untreated,no,BAT-urchinI02,Crustose Coralline,Corsp7BCcrsut,Corsp7BCcrsut,UKN 2 smooth crust,UNK,UNK2,Tereno Johson,2021-03-01,48hrs,14:44,3.475,2,0,1,14,,17,
top,E,12,E12,10:22:00 AM,2021-02-27,Untreated,no,BAT-urchinE12,NA,NA,Lithophyllum sp4,UKN 2 smooth crust,UNK,UNK2,Nathan Duifhuis,2021-02-28,24hrs,11:43,2.128,6,0,1,9,Consider removing- Two species of coralline,16,
top,E,12,E12,10:22:00 AM,2021-02-27,Untreated,no,BAT-urchinE12,NA,NA,Lithophyllum sp4,UKN 2 smooth crust,UNK,UNK2,Jessica Driver,2021-03-01,48hrs,12:52,2.128,6,1,4,6,Consider removing- Two species of coralline,17,
middle,K,8,K08,11:00:00 AM,2021-02-27,Untreated,no,BAT-urchinK08,NA,NA,Lithophyllum sp4,UKN 2 smooth crust,UNK,UNK2,Joel Filgate-McNabb,2021-02-28,24hrs,13:42,1.613,3,4,2,5,Consider removing- Two or more species of coralline,14,
middle,K,8,K08,11:00:00 AM,2021-02-27,Untreated,no,BAT-urchinK08,NA,NA,Lithophyllum sp4,UKN 2 smooth crust,UNK,UNK2,Joel Filgate-McNabb,2021-03-01,48hrs,15:41,1.613,1,7,5,2,Consider removing- Two or more species of coralline,15,
top,C,12,C12,10:08:00 AM,2021-02-27,Untreated,no,BAT-urchinC12,Crustose Coralline,Corsp7BCcrsut,Corsp7BCcrsut,UKN 2 smooth crust,UNK,UNK2,Nathan Duifhuis,2021-02-28,24hrs,13:04,3.372,3,1,3,13,,20,
top,C,12,C12,10:08:00 AM,2021-02-27,Untreated,no,BAT-urchinC12,Crustose Coralline,Corsp7BCcrsut,Corsp7BCcrsut,UKN 2 smooth crust,UNK,UNK2,Tereno Johson,2021-03-01,48hrs,11:00,3.372,4,2,1,12,,19,
bottom,M,11,M11,11:11:00 AM,2021-02-27,Untreated,no,BAT-urchinM11,Crustose Coralline,Corsp7BCcrsut,Corsp7BCcrsut,UKN 2 smooth crust,UNK,UNK2,Brenton Twist,2021-02-28,24hrs,14:25,1.524,4,2,2,8,,16,
bottom,M,11,M11,11:11:00 AM,2021-02-27,Untreated,no,BAT-urchinM11,Crustose Coralline,Corsp7BCcrsut,Corsp7BCcrsut,UKN 2 smooth crust,UNK,UNK2,Tereno Johson,2021-03-01,48hrs,16:27,1.524,5,2,2,9,,18,
top,B,4,B04,9:58:00 AM,2021-02-27,Antibiotic,yes,BAT-urchinB04,Articultae Coralline ,Bossiella schmittii ,,Bossiella schmittii ,Bossiella,Bossi,Nathan Duifhuis,2021-02-28,24hrs,10:30,3.876,4,1,0,11,,16,
top,B,4,B04,9:58:00 AM,2021-02-27,Antibiotic,yes,BAT-urchinB04,Articultae Coralline ,Bossiella schmittii ,,Bossiella schmittii ,Bossiella,Bossi,Brenton Twist,2021-03-01,48hrs,10:13,3.876,5,1,3,7,,16,
top,D,5,D05,10:14:00 AM,2021-02-27,Antibiotic,yes,BAT-urchinD05,Articultae Coralline ,Bossiella schmittii ,,Bossiella schmittii ,Bossiella,Bossi,Joel Filgate-McNabb,2021-02-28,24hrs,11:14,2.861,2,2,1,8,,13,
top,D,5,D05,10:14:00 AM,2021-02-27,Antibiotic,yes,BAT-urchinD05,Articultae Coralline ,Bossiella schmittii ,,Bossiella schmittii ,Bossiella,Bossi,Tereno Johson,2021-03-01,48hrs,11:21,2.861,2,2,1,13,,18,
top,F,1,F01,10:29:00 AM,2021-02-27,Antibiotic,yes,BAT-urchinF01,Articultae Coralline ,Bossiella schmittii ,,Bossiella schmittii ,Bossiella,Bossi,Brenton Twist,2021-02-28,24hrs,11:51,3.5,7,0,4,6,,17,
top,F,1,F01,10:29:00 AM,2021-02-27,Antibiotic,yes,BAT-urchinF01,Articultae Coralline ,Bossiella schmittii ,,Bossiella schmittii ,Bossiella,Bossi,Brenton Twist,2021-03-01,48hrs,13:13,3.5,9,2,1,5,,17,
middle,H,2,H02,10:42:00 AM,2021-02-27,Antibiotic,yes,BAT-urchinH02,Articultae Coralline ,Bossiella schmittii ,,Bossiella schmittii ,Bossiella,Bossi,Tereno Johson,2021-02-28,24hrs,12:47,3.197,1,2,1,16,,20,yes
middle,H,2,H02,10:42:00 AM,2021-02-27,Antibiotic,yes,BAT-urchinH02,Articultae Coralline ,Bossiella schmittii ,,Bossiella schmittii ,Bossiella,Bossi,Will Gartrell,2021-03-01,48hrs,14:29,3.197,5,2,5,7,,19,yes
middle,J,6,J06,10:54:00 AM,2021-02-27,Antibiotic,yes,BAT-urchinJ06,Articultae Coralline ,Bossiella schmittii ,,Bossiella schmittii ,Bossiella,Bossi,Tereno Johson,2021-02-28,24hrs,13:29,5.666,6,2,1,11,,20,
middle,J,6,J06,10:54:00 AM,2021-02-27,Antibiotic,yes,BAT-urchinJ06,Articultae Coralline ,Bossiella schmittii ,,Bossiella schmittii ,Bossiella,Bossi,Brenton Twist,2021-03-01,48hrs,15:16,5.666,10,1,0,7,,18,
middle,L,2,L02,11:04:00 AM,2021-02-27,Antibiotic,yes,BAT-urchinL02,Articultae Coralline ,Bossiella schmittii ,,Bossiella schmittii ,Bossiella,Bossi,Nathan Duifhuis,2021-02-28,24hrs,13:52,4.064,4,0,0,11,,15,yes
middle,L,2,L02,11:04:00 AM,2021-02-27,Antibiotic,yes,BAT-urchinL02,Articultae Coralline ,Bossiella schmittii ,,Bossiella schmittii ,Bossiella,Bossi,Stefanie Duff,2021-03-01,48hrs,15:27,4.064,5,0,2,9,,16,yes
bottom,N,2,N02,11:17:00 AM,2021-02-27,Antibiotic,yes,BAT-urchinN02,Articultae Coralline ,Bossiella schmittii ,,Bossiella schmittii ,Bossiella,Bossi,Brenton Twist,2021-02-28,24hrs,14:35,4.814,7,1,0,7,*1 Squashed on coralline - count at 48 hours,15,
bottom,N,2,N02,11:17:00 AM,2021-02-27,Antibiotic,yes,BAT-urchinN02,Articultae Coralline ,Bossiella schmittii ,,Bossiella schmittii ,Bossiella,Bossi,Brenton Twist,2021-03-01,48hrs,16:33,4.814,7,3,1,6,Added 1 to Jar metamorphose as 1 squashed at 24hrs - original number recored on jar a 48hrs 2,17,
bottom,P,8,P08,11:27:00 AM,2021-02-27,Antibiotic,yes,BAT-urchinP08,Articultae Coralline ,Bossiella schmittii ,,Bossiella schmittii ,Bossiella,Bossi,Brenton Twist,2021-02-28,24hrs,15:24,3.282,0,1,0,17,,18,yes
bottom,P,8,P08,11:27:00 AM,2021-02-27,Antibiotic,yes,BAT-urchinP08,Articultae Coralline ,Bossiella schmittii ,,Bossiella schmittii ,Bossiella,Bossi,Brenton Twist,2021-03-01,48hrs,17:26,3.282,1,4,1,14,,20,yes
top,B,6,B06,9:58:00 AM,2021-02-27,Antibiotic,yes,BAT-urchinB06,Articultae Coralline ,Calliarthron tuberculosum ,,Calliarthron tuberculosum ,Calliarthron,Calli,Tereno Johson,2021-02-28,24hrs,10:33,2.193,2,3,1,12,,18,yes
top,B,6,B06,9:58:00 AM,2021-02-27,Antibiotic,yes,BAT-urchinB06,Articultae Coralline ,Calliarthron tuberculosum ,,Calliarthron tuberculosum ,Calliarthron,Calli,Tereno Johson,2021-03-01,48hrs,10:18,2.193,2,2,0,16,,20,yes
top,D,7,D07,10:14:00 AM,2021-02-27,Antibiotic,yes,BAT-urchinD07,Articultae Coralline ,Calliarthron tuberculosum ,,Calliarthron tuberculosum ,Calliarthron,Calli,Brenton Twist,2021-02-28,24hrs,11:17,3.461,0,0,3,7,only 10 found 10 mins spent searching,10,
top,D,7,D07,10:14:00 AM,2021-02-27,Antibiotic,yes,BAT-urchinD07,Articultae Coralline ,Calliarthron tuberculosum ,,Calliarthron tuberculosum ,Calliarthron,Calli,Tereno Johson,2021-03-01,48hrs,11:35,3.461,2,2,1,11,one juvenile cat 2 on coralline,16,
top,F,6,F06,10:29:00 AM,2021-02-27,Antibiotic,yes,BAT-urchinF06,Articultae Coralline ,Calliarthron tuberculosum ,Calliarthron tuberculosum,Calliarthron tuberculosum ,Calliarthron,Calli,Nathan Duifhuis,2021-02-28,24hrs,11:55,2.75,0,0,1,14,,15,
top,F,6,F06,10:29:00 AM,2021-02-27,Antibiotic,yes,BAT-urchinF06,Articultae Coralline ,Calliarthron tuberculosum ,,Calliarthron tuberculosum ,Calliarthron,Calli,Brenton Twist,2021-03-01,48hrs,13:25,2.75,1,0,0,16,,17,
middle,H,7,H07,10:42:00 AM,2021-02-27,Antibiotic,yes,BAT-urchinH07,Articultae Coralline ,Calliarthron tuberculosum ,,Calliarthron tuberculosum ,Calliarthron,Calli,Joel Filgate-McNabb,2021-02-28,24hrs,12:57,3.44,2,1,1,11,,15,
middle,H,7,H07,10:42:00 AM,2021-02-27,Antibiotic,yes,BAT-urchinH07,Articultae Coralline ,Calliarthron tuberculosum ,,Calliarthron tuberculosum ,Calliarthron,Calli,Brenton Twist,2021-03-01,48hrs,14:39,3.44,4,2,2,7,,15,
middle,J,9,J09,10:54:00 AM,2021-02-27,Antibiotic,yes,BAT-urchinJ09,Articultae Coralline ,Calliarthron tuberculosum ,,Calliarthron tuberculosum ,Calliarthron,Calli,Joel Filgate-McNabb,2021-02-28,24hrs,13:32,3.05,2,0,2,15,,19,yes
middle,J,9,J09,10:54:00 AM,2021-02-27,Antibiotic,yes,BAT-urchinJ09,Articultae Coralline ,Calliarthron tuberculosum ,,Calliarthron tuberculosum ,Calliarthron,Calli,Joel Filgate-McNabb,2021-03-01,48hrs,15:24,3.05,2,1,6,7,1 cat2 on algae,16,yes
middle,L,6,L06,11:04:00 AM,2021-02-27,Antibiotic,yes,BAT-urchinL06,Articultae Coralline ,Calliarthron tuberculosum ,,Calliarthron tuberculosum ,Calliarthron,Calli,Tereno Johson,2021-02-28,24hrs,13:58,2.29,3,1,9,7,,20,yes
middle,L,6,L06,11:04:00 AM,2021-02-27,Antibiotic,yes,BAT-urchinL06,Articultae Coralline ,Calliarthron tuberculosum ,,Calliarthron tuberculosum ,Calliarthron,Calli,Stefanie Duff,2021-03-01,48hrs,15:58,2.29,10,0,2,10,,22,yes
bottom,N,5,N05,11:17:00 AM,2021-02-27,Antibiotic,yes,BAT-urchinN05,Articultae Coralline ,Calliarthron tuberculosum ,,Calliarthron tuberculosum ,Calliarthron,Calli,Danielle Lacasse,2021-02-28,24hrs,14:39,3.198,6,1,0,13,,20,
bottom,N,5,N05,11:17:00 AM,2021-02-27,Antibiotic,yes,BAT-urchinN05,Articultae Coralline ,Calliarthron tuberculosum ,,Calliarthron tuberculosum ,Calliarthron,Calli,Stefanie Duff,2021-03-01,48hrs,16:40,3.198,6,4,6,8,,24,
bottom,P,6,P06,11:27:00 AM,2021-02-27,Antibiotic,yes,BAT-urchinP06,Articultae Coralline ,Calliarthron tuberculosum ,,Calliarthron tuberculosum ,Calliarthron,Calli,Nathan Duifhuis,2021-02-28,24hrs,15:22,3.478,0,3,0,17,,20,
bottom,P,6,P06,11:27:00 AM,2021-02-27,Antibiotic,yes,BAT-urchinP06,Articultae Coralline ,Calliarthron tuberculosum ,,Calliarthron tuberculosum ,Calliarthron,Calli,Tereno Johson,2021-03-01,48hrs,17:25,3.478,3,2,1,14,,20,
top,B,1,B01,9:58:00 AM,2021-02-27,Antibiotic,yes,BAT-urchinB01,Crustose Coralline,Chiharaea americana f. bodegensis,,Chiharaea americana f. bodegensis,Chiharaea,Chihar,Danielle Lacasse,2021-02-28,24hrs,10:19,2.874,0,4,2,7,,13,
top,B,1,B01,9:58:00 AM,2021-02-27,Antibiotic,yes,BAT-urchinB01,Crustose Coralline,Chiharaea americana f. bodegensis,,Chiharaea americana f. bodegensis,Chiharaea,Chihar,Stefanie Duff,2021-03-01,48hrs,10:07,2.874,1,1,0,6,,8,
top,D,9,D09,10:14:00 AM,2021-02-27,Antibiotic,yes,BAT-urchinD09,Crustose Coralline,Chiharaea americana f. bodegensis,,Chiharaea americana f. bodegensis,Chiharaea,Chihar,Danielle Lacasse,2021-02-28,24hrs,11:20,3.1,2,1,0,16,,19,
top,D,9,D09,10:14:00 AM,2021-02-27,Antibiotic,yes,BAT-urchinD09,Crustose Coralline,Chiharaea americana f. bodegensis,,Chiharaea americana f. bodegensis,Chiharaea,Chihar,Tereno Johson,2021-03-01,48hrs,11:45,3.1,2,0,1,14,,17,
top,F,5,F05,10:29:00 AM,2021-02-27,Antibiotic,yes,BAT-urchinF05,Crustose Coralline,Chiharaea americana f. bodegensis,,Chiharaea americana f. bodegensis,Chiharaea,Chihar,Danielle Lacasse,2021-02-28,24hrs,11:54,1.83,4,1,3,9,,17,
top,F,5,F05,10:29:00 AM,2021-02-27,Antibiotic,yes,BAT-urchinF05,Crustose Coralline,Chiharaea americana f. bodegensis,,Chiharaea americana f. bodegensis,Chiharaea,Chihar,Will Gartrell,2021-03-01,48hrs,13:23,1.83,3,1,4,11,,19,
middle,H,5,H05,10:42:00 AM,2021-02-27,Antibiotic,yes,BAT-urchinH05,Crustose Coralline,Chiharaea americana f. bodegensis,,Chiharaea americana f. bodegensis,Chiharaea,Chihar,Nathan Duifhuis,2021-02-28,24hrs,12:53,3.213,6,1,1,11,,19,
middle,H,5,H05,10:42:00 AM,2021-02-27,Antibiotic,yes,BAT-urchinH05,Crustose Coralline,Chiharaea americana f. bodegensis,,Chiharaea americana f. bodegensis,Chiharaea,Chihar,Stefanie Duff,2021-03-01,48hrs,14:33,3.213,10,3,4,5,,22,
middle,J,3,J03,10:54:00 AM,2021-02-27,Antibiotic,yes,BAT-urchinJ03,Crustose Coralline,Chiharaea americana f. bodegensis,,Chiharaea americana f. bodegensis,Chiharaea,Chihar,Joel Filgate-McNabb,2021-02-28,24hrs,13:23,1.892,4,2,1,10,,17,
middle,J,3,J03,10:54:00 AM,2021-02-27,Antibiotic,yes,BAT-urchinJ03,Crustose Coralline,Chiharaea americana f. bodegensis,,Chiharaea americana f. bodegensis,Chiharaea,Chihar,Brenton Twist,2021-03-01,48hrs,15:12,1.892,5,0,0,10,,15,
middle,L,1,L01,11:04:00 AM,2021-02-27,Antibiotic,yes,BAT-urchinL01,Crustose Coralline,Chiharaea americana f. bodegensis,,Chiharaea americana f. bodegensis,Chiharaea,Chihar,Joel Filgate-McNabb,2021-02-28,24hrs,13:51,2.308,2,0,2,10,,14,yes
middle,L,1,L01,11:04:00 AM,2021-02-27,Antibiotic,yes,BAT-urchinL01,Crustose Coralline,Chiharaea americana f. bodegensis,,Chiharaea americana f. bodegensis,Chiharaea,Chihar,Stefanie Duff,2021-03-01,48hrs,15:16,2.308,2,1,5,6,,14,yes
bottom,N,3,N03,11:17:00 AM,2021-02-27,Antibiotic,yes,BAT-urchinN03,Crustose Coralline,Chiharaea americana f. bodegensis,,Chiharaea americana f. bodegensis,Chiharaea,Chihar,Nathan Duifhuis,2021-02-28,24hrs,14:25,2.027,6,0,0,9,,15,yes
bottom,N,3,N03,11:17:00 AM,2021-02-27,Antibiotic,yes,BAT-urchinN03,Crustose Coralline,Chiharaea americana f. bodegensis,,Chiharaea americana f. bodegensis,Chiharaea,Chihar,Tereno Johson,2021-03-01,48hrs,16:36,2.027,3,1,4,12,,20,yes
bottom,P,9,P09,11:27:00 AM,2021-02-27,Antibiotic,yes,BAT-urchinP09,Crustose Coralline,Chiharaea americana f. bodegensis,,Chiharaea americana f. bodegensis,Chiharaea,Chihar,Nathan Duifhuis,2021-02-28,24hrs,15:28,2.077,2,0,0,16,,18,yes
bottom,P,9,P09,11:27:00 AM,2021-02-27,Antibiotic,yes,BAT-urchinP09,Crustose Coralline,Chiharaea americana f. bodegensis,,Chiharaea americana f. bodegensis,Chiharaea,Chihar,Stefanie Duff,2021-03-01,48hrs,17:28,2.077,2,1,3,13,,19,yes
top,B,9,B09,9:58:00 AM,2021-02-27,Antibiotic,yes,BAT-urchinB09,Contol,Control,,Control,Control,Contr2,Danielle Lacasse,2021-02-28,24hrs,10:40,17.01,0,0,5,15,,20,
top,B,9,B09,9:58:00 AM,2021-02-27,Antibiotic,yes,BAT-urchinB09,Contol,Control,,Control,Control,Contr2,Brenton Twist,2021-03-01,48hrs,10:26,17.01,0,0,1,17,,18,
top,D,6,D06,10:14:00 AM,2021-02-27,Antibiotic,yes,BAT-urchinD06,Contol,Control,,Control,Control,Contr2,Tereno Johson,2021-02-28,24hrs,11:16,17.01,0,0,2,18,,20,
top,D,6,D06,10:14:00 AM,2021-02-27,Antibiotic,yes,BAT-urchinD06,Contol,Control,,Control,Control,Contr2,Tereno Johson,2021-03-01,48hrs,11:30,17.01,0,0,0,19,,19,
top,F,3,F03,10:29:00 AM,2021-02-27,Antibiotic,yes,BAT-urchinF03,Contol,Control,,Control,Control,Contr2,Nathan Duifhuis,2021-02-28,24hrs,11:49,15.399,0,0,1,16,,17,
top,F,3,F03,10:29:00 AM,2021-02-27,Antibiotic,yes,BAT-urchinF03,Contol,Control,,Control,Control,Contr2,Jessica Driver,2021-03-01,48hrs,13:18,15.399,0,0,2,18,,20,
middle,H,4,H04,10:42:00 AM,2021-02-27,Antibiotic,yes,BAT-urchinH04,Contol,Control,,Control,Control,Contr2,Joel Filgate-McNabb,2021-02-28,24hrs,12:52,16.347,0,0,0,17,,17,
middle,H,4,H04,10:42:00 AM,2021-02-27,Antibiotic,yes,BAT-urchinH04,Contol,Control,,Control,Control,Contr2,Joel Filgate-McNabb,2021-03-01,48hrs,14:30,16.347,0,0,6,13,,19,
middle,J,4,J04,10:54:00 AM,2021-02-27,Antibiotic,yes,BAT-urchinJ04,Contol,Control,,Control,Control,Contr2,Nathan Duifhuis,2021-02-28,24hrs,13:27,15.809,0,0,0,17,,17,
middle,J,4,J04,10:54:00 AM,2021-02-27,Antibiotic,yes,BAT-urchinJ04,Contol,Control,,Control,Control,Contr2,Tereno Johson,2021-03-01,48hrs,15:13,15.809,0,0,0,19,,19,
middle,L,7,L07,11:04:00 AM,2021-02-27,Antibiotic,yes,BAT-urchinL07,Contol,Control,,Control,Control,Contr2,Nathan Duifhuis,2021-02-28,24hrs,13:57,16.46,0,0,0,18,,18,
middle,L,7,L07,11:04:00 AM,2021-02-27,Antibiotic,yes,BAT-urchinL07,Contol,Control,,Control,Control,Contr2,Joel Filgate-McNabb,2021-03-01,48hrs,15:57,16.46,0,0,0,20,,20,
bottom,N,4,N04,11:17:00 AM,2021-02-27,Antibiotic,yes,BAT-urchinN04,Contol,Control,,Control,Control,Contr2,Tereno Johson,2021-02-28,24hrs,14:39,16.46,0,0,2,18,,20,
bottom,N,4,N04,11:17:00 AM,2021-02-27,Antibiotic,yes,BAT-urchinN04,Contol,Control,,Control,Control,Contr2,Joel Filgate-McNabb,2021-03-01,48hrs,16:37,16.46,0,0,13,6,,19,
bottom,P,4,P04,11:27:00 AM,2021-02-27,Antibiotic,yes,BAT-urchinP04,Contol,Control,,Control,Control,Contr2,Brenton Twist,2021-02-28,24hrs,15:20,16.46,0,1,1,15,,17,
bottom,P,4,P04,11:27:00 AM,2021-02-27,Antibiotic,yes,BAT-urchinP04,Contol,Control,,Control,Control,Contr2,Brenton Twist,2021-03-01,48hrs,17:19,16.46,0,2,1,14,,17,
top,B,2,B02,9:58:00 AM,2021-02-27,Antibiotic,yes,BAT-urchinB02,Crustose Coralline,Crusticorallina painei,Crusticorallina painei,Crusticorallina sp1,Crusticorallina,Crust1,Brenton Twist,2021-02-28,24hrs,10:02,2.866,0,2,4,12,one cat 1 on coralline,18,
top,B,2,B02,9:58:00 AM,2021-02-27,Antibiotic,yes,BAT-urchinB02,Crustose Coralline,Crusticorallina painei,Crusticorallina painei,Crusticorallina sp1,Crusticorallina,Crust1,Brenton Twist,2021-03-01,48hrs,10:06,2.866,0,3,2,8,Can't find anymore,13,
top,F,8,F08,10:29:00 AM,2021-02-27,Antibiotic,yes,BAT-urchinF08,Crustose Coralline,Crusticorallina painei,Crusticorallina painei,Crusticorallina sp1,Crusticorallina,Crust1,Tereno Johson,2021-02-28,24hrs,12:00,2.575,5,5,0,10,,20,yes
top,F,8,F08,10:29:00 AM,2021-02-27,Antibiotic,yes,BAT-urchinF08,Crustose Coralline,Crusticorallina painei,Crusticorallina painei,Crusticorallina sp1,Crusticorallina,Crust1,Brenton Twist,2021-03-01,48hrs,13:30,2.575,4,5,2,8,,19,yes
bottom,P,3,P03,11:27:00 AM,2021-02-27,Antibiotic,yes,BAT-urchinP03,Crustose Coralline,Crusticorallina painei,Crusticorallina painei,Crusticorallina sp1,Crusticorallina,Crust1,Danielle Lacasse,2021-02-28,24hrs,15:19,3.769,2,3,3,9,,17,
bottom,P,3,P03,11:27:00 AM,2021-02-27,Antibiotic,yes,BAT-urchinP03,Crustose Coralline,Crusticorallina painei,Crusticorallina painei,Crusticorallina sp1,Crusticorallina,Crust1,Tereno Johson,2021-03-01,48hrs,17:18,3.769,0,12,4,2,,18,
top,D,4,D04,10:14:00 AM,2021-02-27,Antibiotic,yes,BAT-urchinD04,Crustose Coralline,Crusticorallina painei,,Crusticorallina sp1,Crusticorallina,Crust1,Danielle Lacasse,2021-02-28,24hrs,11:13,2.671,0,5,3,3,,11,yes
top,D,4,D04,10:14:00 AM,2021-02-27,Antibiotic,yes,BAT-urchinD04,Crustose Coralline,Crusticorallina painei,,Crusticorallina sp1,Crusticorallina,Crust1,Brenton Twist,2021-03-01,48hrs,11:18,2.671,2,7,7,1,,17,yes
middle,H,8,H08,10:42:00 AM,2021-02-27,Antibiotic,yes,BAT-urchinH08,Crustose Coralline,Crusticorallina painei,,Crusticorallina sp1,Crusticorallina,Crust1,Brenton Twist,2021-02-28,24hrs,12:58,3.38,3,1,3,5,only 12 found 10 mins spent searching,12,yes
middle,H,8,H08,10:42:00 AM,2021-02-27,Antibiotic,yes,BAT-urchinH08,Crustose Coralline,Crusticorallina painei,,Crusticorallina sp1,Crusticorallina,Crust1,Joel Filgate-McNabb,2021-03-01,48hrs,14:39,3.38,5,2,2,5,,14,yes
middle,J,2,J02,10:54:00 AM,2021-02-27,Antibiotic,yes,BAT-urchinJ02,Crustose Coralline,Crusticorallina painei,,Crusticorallina sp1,Crusticorallina,Crust1,Danielle Lacasse,2021-02-28,24hrs,13:21,1.786,5,1,1,10,,17,
middle,J,2,J02,10:54:00 AM,2021-02-27,Antibiotic,yes,BAT-urchinJ02,Crustose Coralline,Crusticorallina painei,,Crusticorallina sp1,Crusticorallina,Crust1,Joel Filgate-McNabb,2021-03-01,48hrs,15:09,1.786,6,1,13,1,,21,
middle,L,4,L04,11:04:00 AM,2021-02-27,Antibiotic,yes,BAT-urchinL04,Crustose Coralline,Crusticorallina painei,,Crusticorallina sp1,Crusticorallina,Crust1,Joel Filgate-McNabb,2021-02-28,24hrs,13:57,2.063,1,1,2,13,,17,
middle,L,4,L04,11:04:00 AM,2021-02-27,Antibiotic,yes,BAT-urchinL04,Crustose Coralline,Crusticorallina painei,,Crusticorallina sp1,Crusticorallina,Crust1,Stefanie Duff,2021-03-01,48hrs,15:34,2.063,4,4,4,12,,24,
bottom,N,8,N08,11:17:00 AM,2021-02-27,Antibiotic,yes,BAT-urchinN08,Crustose Coralline,Crusticorallina painei,Crusticorallina painei,Crusticorallina sp1,Crusticorallina,Crust1,Brenton Twist,2021-02-28,24hrs,14:50,2.494,4,0,3,10,,17,
bottom,N,8,N08,11:17:00 AM,2021-02-27,Antibiotic,yes,BAT-urchinN08,Crustose Coralline,Crusticorallina painei,Crusticorallina painei,Crusticorallina sp1,Crusticorallina,Crust1,Joel Filgate-McNabb,2021-03-01,48hrs,16:45,2.494,6,0,11,2,,19,
top,B,3,B03,9:58:00 AM,2021-02-27,Antibiotic,yes,BAT-urchinB03,Crustose Coralline,Lithophyllum Corsp27BC,Lithophyllum Corsp27BC,Lithophyllum sp1,Lithophyllum ,Lithoph1,Tereno Johson,2021-02-28,24hrs,10:22,3.896,3,3,0,13,,19,
top,B,3,B03,9:58:00 AM,2021-02-27,Antibiotic,yes,BAT-urchinB03,Crustose Coralline,Lithophyllum Corsp27BC,Lithophyllum Corsp27BC,Lithophyllum sp1,Lithophyllum ,Lithoph1,Tereno Johson,2021-03-01,48hrs,10:12,3.896,0,1,1,17,,19,
bottom,P,1,P01,11:27:00 AM,2021-02-27,Antibiotic,yes,BAT-urchinP01,Crustose Coralline,Lithophyllum Corsp27BC,Lithophyllum Corsp27BC,Lithophyllum sp1,Lithophyllum ,Lithoph1,Tereno Johson,2021-02-28,24hrs,15:13,3.175,0,1,3,14,,18,
bottom,P,1,P01,11:27:00 AM,2021-02-27,Antibiotic,yes,BAT-urchinP01,Crustose Coralline,Lithophyllum Corsp27BC,Lithophyllum Corsp27BC,Lithophyllum sp1,Lithophyllum ,Lithoph1,Brenton Twist,2021-03-01,48hrs,17:13,3.175,1,0,0,17,,18,
top,D,2,D02,10:14:00 AM,2021-02-27,Antibiotic,yes,BAT-urchinD02,Crustose Coralline,Lithophyllum Corsp4BC,Lithophyllum Corsp4BC,Lithophyllum sp1,Lithophyllum ,Lithoph1,Brenton Twist,2021-02-28,24hrs,11:11,2.144,0,0,1,15,,16,yes
top,D,2,D02,10:14:00 AM,2021-02-27,Antibiotic,yes,BAT-urchinD02,Crustose Coralline,Lithophyllum Corsp4BC,Lithophyllum Corsp4BC,Lithophyllum sp1,Lithophyllum ,Lithoph1,Brenton Twist,2021-03-01,48hrs,11:13,2.144,0,0,1,15,,16,yes
top,F,2,F02,10:29:00 AM,2021-02-27,Antibiotic,yes,BAT-urchinF02,Crustose Coralline,Lithophyllum Corsp27BC,Lithophyllum Corsp27BC,Lithophyllum sp1,Lithophyllum ,Lithoph1,Danielle Lacasse,2021-02-28,24hrs,11:48,3.183,1,1,1,15,,18,yes
top,F,2,F02,10:29:00 AM,2021-02-27,Antibiotic,yes,BAT-urchinF02,Crustose Coralline,Lithophyllum Corsp27BC,Lithophyllum Corsp27BC,Lithophyllum sp1,Lithophyllum ,Lithoph1,Jessica Driver,2021-03-01,48hrs,13:14,3.183,1,1,1,17,,20,yes
middle,H,1,H01,10:42:00 AM,2021-02-27,Antibiotic,yes,BAT-urchinH01,Crustose Coralline,Lithophyllum sp4,Lithophyllum sp4,Lithophyllum sp1,Lithophyllum ,Lithoph1,Joel Filgate-McNabb,2021-02-28,24hrs,12:48,2.276,1,3,0,15,1 cat1 on algae,19,
middle,H,1,H01,10:42:00 AM,2021-02-27,Antibiotic,yes,BAT-urchinH01,Crustose Coralline,Lithophyllum sp4,Lithophyllum sp4,Lithophyllum sp1,Lithophyllum ,Lithoph1,Joel Filgate-McNabb,2021-03-01,48hrs,14:23,2.276,1,2,2,13,,18,
middle,J,5,J05,10:54:00 AM,2021-02-27,Antibiotic,yes,BAT-urchinJ05,Crustose Coralline,Lithophyllum Corsp27BC,Lithophyllum Corsp27BC,Lithophyllum sp1,Lithophyllum ,Lithoph1,Joel Filgate-McNabb,2021-02-28,24hrs,13:27,2.517,1,3,0,15,,19,
middle,J,5,J05,10:54:00 AM,2021-02-27,Antibiotic,yes,BAT-urchinJ05,Crustose Coralline,Lithophyllum Corsp27BC,Lithophyllum Corsp27BC,Lithophyllum sp1,Lithophyllum ,Lithoph1,Joel Filgate-McNabb,2021-03-01,48hrs,15:16,2.517,0,2,5,8,1 cat1 on algae,15,
middle,L,5,L05,11:04:00 AM,2021-02-27,Antibiotic,yes,BAT-urchinL05,Crustose Coralline,NA,,Lithophyllum sp1,Lithophyllum ,Lithoph1,Brenton Twist,2021-02-28,24hrs,13:57,1.577,0,1,0,16,,17,
middle,L,5,L05,11:04:00 AM,2021-02-27,Antibiotic,yes,BAT-urchinL05,Crustose Coralline,NA,,Lithophyllum sp1,Lithophyllum ,Lithoph1,Tereno Johson,2021-03-01,48hrs,15:55,1.577,0,2,1,17,,20,
bottom,N,1,N01,11:17:00 AM,2021-02-27,Antibiotic,yes,BAT-urchinN01,Crustose Coralline,Lithophyllum Corsp4BC,Lithophyllum Corsp4BC,Lithophyllum sp1,Lithophyllum ,Lithoph1,Brenton Twist,2021-02-28,24hrs,14:31,2.851,4,0,1,16,,21,yes
bottom,N,1,N01,11:17:00 AM,2021-02-27,Antibiotic,yes,BAT-urchinN01,Crustose Coralline,Lithophyllum Corsp4BC,Lithophyllum Corsp4BC,Lithophyllum sp1,Lithophyllum ,Lithoph1,Tereno Johson,2021-03-01,48hrs,16:32,2.851,4,0,2,14,,20,yes
bottom,P,5,P05,11:27:00 AM,2021-02-27,Antibiotic,yes,BAT-urchinP05,Crustose Coralline,Lithophyllum Corsp4BC,Lithophyllum Corsp4BC,Lithophyllum sp2,Lithophyllum ,Lithoph2,Tereno Johson,2021-02-28,24hrs,15:22,2.994,4,3,5,8,,20,
bottom,P,5,P05,11:27:00 AM,2021-02-27,Antibiotic,yes,BAT-urchinP05,Crustose Coralline,Lithophyllum Corsp4BC,Lithophyllum Corsp4BC,Lithophyllum sp2,Lithophyllum ,Lithoph2,Joel Filgate-McNabb,2021-03-01,48hrs,17:21,2.994,3,4,9,2,,18,
top,D,1,D01,10:14:00 AM,2021-02-27,Antibiotic,yes,BAT-urchinD01,Crustose Coralline,Lithophyllum sp4,Lithophyllum sp4,Lithophyllum sp2,Lithophyllum ,Lithoph2,Tereno Johson,2021-02-28,24hrs,11:09,2.203,0,0,6,12,,18,
top,D,1,D01,10:14:00 AM,2021-02-27,Antibiotic,yes,BAT-urchinD01,Crustose Coralline,Lithophyllum sp4,Lithophyllum sp4,Lithophyllum sp2,Lithophyllum ,Lithoph2,Tereno Johson,2021-03-01,48hrs,11:08,2.203,1,0,4,12,,17,
top,B,8,B08,9:58:00 AM,2021-02-27,Antibiotic,yes,BAT-urchinB08,Crustose Coralline,NA,,Lithophyllum sp2,Lithophyllum ,Lithoph2,Brenton Twist,2021-02-28,24hrs,10:37,3.84,0,4,2,8,only 14 found 10 mins spent searching,14,yes
top,B,8,B08,9:58:00 AM,2021-02-27,Antibiotic,yes,BAT-urchinB08,Crustose Coralline,NA,,Lithophyllum sp2,Lithophyllum ,Lithoph2,Stefanie Duff,2021-03-01,48hrs,10:22,3.84,0,3,2,11,,16,yes
top,F,7,F07,10:29:00 AM,2021-02-27,Antibiotic,yes,BAT-urchinF07,Crustose Coralline,Lithophyllum Corsp27BC,Lithophyllum Corsp27BC,Lithophyllum sp2,Lithophyllum ,Lithoph2,Joel Filgate-McNabb,2021-02-28,24hrs,11:56,4.085,0,0,0,16,,16,
top,F,7,F07,10:29:00 AM,2021-02-27,Antibiotic,yes,BAT-urchinF07,Crustose Coralline,Lithophyllum Corsp27BC,Lithophyllum Corsp27BC,Lithophyllum sp2,Lithophyllum ,Lithoph2,Jessica Driver,2021-03-01,48hrs,13:28,4.085,3,2,3,13,,21,
middle,H,3,H03,10:42:00 AM,2021-02-27,Antibiotic,yes,BAT-urchinH03,NA,NA,Lithophyllum Corsp27BC,Lithophyllum sp2,Lithophyllum ,Lithoph2,Brenton Twist,2021-02-28,24hrs,12:48,2.245,2,2,0,10,only 14 found 10 mins spent searching,14,
middle,H,3,H03,10:42:00 AM,2021-02-27,Antibiotic,yes,BAT-urchinH03,NA,NA,Lithophyllum Corsp27BC,Lithophyllum sp2,Lithophyllum ,Lithoph2,Brenton Twist,2021-03-01,48hrs,14:31,2.245,2,2,0,11,Two species of coralline,15,
middle,J,7,J07,10:54:00 AM,2021-02-27,Antibiotic,yes,BAT-urchinJ07,Crustose Coralline,Lithophyllum Corsp27BC,Lithophyllum Corsp27BC,Lithophyllum sp2,Lithophyllum ,Lithoph2,Brenton Twist,2021-02-28,24hrs,13:30,2.642,2,0,1,14,,17,yes
middle,J,7,J07,10:54:00 AM,2021-02-27,Antibiotic,yes,BAT-urchinJ07,Crustose Coralline,Lithophyllum Corsp27BC,Lithophyllum Corsp27BC,Lithophyllum sp2,Lithophyllum ,Lithoph2,Tereno Johson,2021-03-01,48hrs,15:19,2.642,2,1,1,15,,19,yes
middle,L,9,L09,11:04:00 AM,2021-02-27,Antibiotic,yes,BAT-urchinL09,Crustose Coralline,NA,,Lithophyllum sp2,Lithophyllum ,Lithoph2,Danielle Lacasse,2021-02-28,24hrs,14:02,2.074,2,1,1,12,,16,yes
middle,L,9,L09,11:04:00 AM,2021-02-27,Antibiotic,yes,BAT-urchinL09,Crustose Coralline,NA,,Lithophyllum sp2,Lithophyllum ,Lithoph2,Tereno Johson,2021-03-01,48hrs,16:02,2.074,2,1,3,13,,19,yes
bottom,N,6,N06,11:17:00 AM,2021-02-27,Antibiotic,yes,BAT-urchinN06,Crustose Coralline,NA,,Lithophyllum sp2,Lithophyllum ,Lithoph2,Nathan Duifhuis,2021-02-28,24hrs,14:37,5.287,1,1,3,9,,14,
bottom,N,6,N06,11:17:00 AM,2021-02-27,Antibiotic,yes,BAT-urchinN06,Crustose Coralline,NA,,Lithophyllum sp2,Lithophyllum ,Lithoph2,Brenton Twist,2021-03-01,48hrs,16:40,5.287,0,5,0,10,,15,
top,D,8,D08,10:14:00 AM,2021-02-27,Antibiotic,yes,BAT-urchinD08,Crustose Coralline,Lithothamnion glaciale,,Lithothamnion sp1,Lithothamnion,Lithoth,Joel Filgate-McNabb,2021-02-28,24hrs,11:20,2.408,9,1,1,10,"1 cat2 on algae, 1 cat1 on algae",21,
top,D,8,D08,10:14:00 AM,2021-02-27,Antibiotic,yes,BAT-urchinD08,Crustose Coralline,Lithothamnion glaciale,,Lithothamnion sp1,Lithothamnion,Lithoth,Brenton Twist,2021-03-01,48hrs,11:44,2.408,10,4,3,3,Coralline found upside down - another smooth crust on side,20,
bottom,N,9,N09,11:17:00 AM,2021-02-27,Antibiotic,yes,BAT-urchinN09,Crustose Coralline,Lithothamnion glaciale,,Lithothamnion sp1,Lithothamnion,Lithoth,Danielle Lacasse,2021-02-28,24hrs,14:48,3.048,11,0,0,9,,20,
bottom,N,9,N09,11:17:00 AM,2021-02-27,Antibiotic,yes,BAT-urchinN09,Crustose Coralline,Lithothamnion glaciale,,Lithothamnion sp1,Lithothamnion,Lithoth,Brenton Twist,2021-03-01,48hrs,16:46,3.048,8,2,0,10,different crust in corner,20,
top,F,9,F09,10:29:00 AM,2021-02-27,Antibiotic,yes,BAT-urchinF09,Crustose Coralline,Lithothamnion glaciale,Lithothamnion glaciale,Lithothamnion sp1,Lithothamnion,Lithoth,Brenton Twist,2021-02-28,24hrs,12:00,3.421,1,0,0,16,,17,
top,F,9,F09,10:29:00 AM,2021-02-27,Antibiotic,yes,BAT-urchinF09,Crustose Coralline,Lithothamnion glaciale,Lithothamnion glaciale,Lithothamnion sp1,Lithothamnion,Lithoth,Jessica Driver,2021-03-01,48hrs,13:34,3.421,1,0,0,18,,19,
top,B,5,B05,9:58:00 AM,2021-02-27,Antibiotic,yes,BAT-urchinB05,Crustose Coralline,Lithothamnion glaciale,,Lithothamnion sp1,Lithothamnion,Lithoth,Joel Filgate-McNabb,2021-02-28,24hrs,10:30,2.522,2,0,0,12,,14,
top,B,5,B05,9:58:00 AM,2021-02-27,Antibiotic,yes,BAT-urchinB05,Crustose Coralline,Lithothamnion glaciale,,Lithothamnion sp1,Lithothamnion,Lithoth,Stefanie Duff,2021-03-01,48hrs,10:16,2.522,10,0,0,6,,16,
middle,H,6,H06,10:42:00 AM,2021-02-27,Antibiotic,yes,BAT-urchinH06,Crustose Coralline,Lithothamnion glaciale,,Lithothamnion sp1,Lithothamnion,Lithoth,Tereno Johson,2021-02-28,24hrs,12:55,2.496,6,3,1,10,,20,
middle,H,6,H06,10:42:00 AM,2021-02-27,Antibiotic,yes,BAT-urchinH06,Crustose Coralline,Lithothamnion glaciale,,Lithothamnion sp1,Lithothamnion,Lithoth,Tereno Johson,2021-03-01,48hrs,14:33,2.496,7,3,0,11,,21,
middle,J,1,J01,10:54:00 AM,2021-02-27,Antibiotic,yes,BAT-urchinJ01,Crustose Coralline,Lithothamnion glaciale,,Lithothamnion sp1,Lithothamnion,Lithoth,Tereno Johson,2021-02-28,24hrs,13:22,2.251,3,1,1,15,,20,yes
middle,J,1,J01,10:54:00 AM,2021-02-27,Antibiotic,yes,BAT-urchinJ01,Crustose Coralline,Lithothamnion glaciale,,Lithothamnion sp1,Lithothamnion,Lithoth,Tereno Johson,2021-03-01,48hrs,15:06,2.251,4,1,1,14,,20,yes
middle,L,3,L03,11:04:00 AM,2021-02-27,Antibiotic,yes,BAT-urchinL03,Crustose Coralline,Lithothamnion glaciale,,Lithothamnion sp1,Lithothamnion,Lithoth,Danielle Lacasse,2021-02-28,24hrs,13:54,2.304,5,1,2,8,,16,yes
middle,L,3,L03,11:04:00 AM,2021-02-27,Antibiotic,yes,BAT-urchinL03,Crustose Coralline,Lithothamnion glaciale,,Lithothamnion sp1,Lithothamnion,Lithoth,Stefanie Duff,2021-03-01,48hrs,15:48,2.304,6,4,1,5,,16,yes
bottom,P,7,P07,11:27:00 AM,2021-02-27,Antibiotic,yes,BAT-urchinP07,Crustose Coralline,Lithothamnion glaciale,,Lithothamnion sp1,Lithothamnion,Lithoth,Danielle Lacasse,2021-02-28,24hrs,15:29,2.06,1,0,0,15,,16,yes
bottom,P,7,P07,11:27:00 AM,2021-02-27,Antibiotic,yes,BAT-urchinP07,Crustose Coralline,Lithothamnion glaciale,,Lithothamnion sp1,Lithothamnion,Lithoth,Joel Filgate-McNabb,2021-03-01,48hrs,17:25,2.06,0,1,14,1,,16,yes
middle,J,8,J08,10:54:00 AM,2021-02-27,Antibiotic,yes,BAT-urchinJ08,Crustose Coralline,Lithothamnion glaciale,Lithothamnion glaciale,Lumpy/Warty Lithothamnion like sp2,Lithothamnion,Lumpy-Lithoth,Danielle Lacasse,2021-02-28,24hrs,13:32,2.403,7,0,4,7,,18,
middle,J,8,J08,10:54:00 AM,2021-02-27,Antibiotic,yes,BAT-urchinJ08,Crustose Coralline,Lithothamnion glaciale,Lithothamnion glaciale,Lumpy/Warty Lithothamnion like sp2,Lithothamnion,Lumpy-Lithoth,Brenton Twist,2021-03-01,48hrs,15:22,2.403,10,1,1,5,,17,
middle,L,8,L08,11:04:00 AM,2021-02-27,Antibiotic,yes,BAT-urchinL08,Crustose Coralline,Lithothamnion glaciale,Lithothamnion glaciale,Lumpy/Warty Lithothamnion like sp2,Lithothamnion,Lumpy-Lithoth,Joel Filgate-McNabb,2021-02-28,24hrs,14:01,1.509,0,1,1,17,,19,
middle,L,8,L08,11:04:00 AM,2021-02-27,Antibiotic,yes,BAT-urchinL08,Crustose Coralline,Lithothamnion glaciale,Lithothamnion glaciale,Lumpy/Warty Lithothamnion like sp2,Lithothamnion,Lumpy-Lithoth,Brenton Twist,2021-03-01,48hrs,15:59,1.509,0,1,0,18,,19,
bottom,P,2,P02,11:27:00 AM,2021-02-27,Antibiotic,yes,BAT-urchinP02,Crustose Coralline,Lithothamnion glaciale,Lithothamnion glaciale,Lumpy/Warty Lithothamnion like sp2,Lithothamnion,Lumpy-Lithoth,Nathan Duifhuis,2021-02-28,24hrs,15:16,3.27,1,0,0,16,,17,
bottom,P,2,P02,11:27:00 AM,2021-02-27,Antibiotic,yes,BAT-urchinP02,Crustose Coralline,Lithothamnion glaciale,Lithothamnion glaciale,Lumpy/Warty Lithothamnion like sp2,Lithothamnion,Lumpy-Lithoth,Stefanie Duff,2021-03-01,48hrs,17:18,3.27,1,0,1,13,,15,
top,B,7,B07,9:58:00 AM,2021-02-27,Antibiotic,yes,BAT-urchinB07,Crustose Coralline,Lithothamnion glaciale,,Lumpy/Warty Lithothamnion like sp2,Lithothamnion,Lumpy-Lithoth,Danielle Lacasse,2021-02-28,24hrs,10:33,3.223,2,0,1,14,,17,yes
top,B,7,B07,9:58:00 AM,2021-02-27,Antibiotic,yes,BAT-urchinB07,Crustose Coralline,Lithothamnion glaciale,,Lumpy/Warty Lithothamnion like sp2,Lithothamnion,Lumpy-Lithoth,Brenton Twist,2021-03-01,48hrs,10:20,3.223,2,2,2,11,,17,yes
top,D,3,D03,10:14:00 AM,2021-02-27,Antibiotic,yes,BAT-urchinD03,Crustose Coralline,Lithothamnion glaciale,,Lumpy/Warty Lithothamnion like sp2,Lithothamnion,Lumpy-Lithoth,Nathan Duifhuis,2021-02-28,24hrs,11:13,3.634,2,0,0,17,,19,yes
top,D,3,D03,10:14:00 AM,2021-02-27,Antibiotic,yes,BAT-urchinD03,Crustose Coralline,Lithothamnion glaciale,,Lumpy/Warty Lithothamnion like sp2,Lithothamnion,Lumpy-Lithoth,Tereno Johson,2021-03-01,48hrs,11:14,3.634,2,2,2,12,,18,yes
top,F,4,F04,10:29:00 AM,2021-02-27,Antibiotic,yes,BAT-urchinF04,Crustose Coralline,Lithothamnion glaciale,Lithothamnion glaciale,Lumpy/Warty Lithothamnion like sp2,Lithothamnion,Lumpy-Lithoth,Tereno Johson,2021-02-28,24hrs,11:51,2.908,4,0,1,13,,18,
top,F,4,F04,10:29:00 AM,2021-02-27,Antibiotic,yes,BAT-urchinF04,Crustose Coralline,Lithothamnion glaciale,Lithothamnion glaciale,Lumpy/Warty Lithothamnion like sp2,Lithothamnion,Lumpy-Lithoth,Jessica Driver,2021-03-01,48hrs,13:24,2.908,4,0,4,11,1 Mortality,19,
middle,H,9,H09,10:42:00 AM,2021-02-27,Antibiotic,yes,BAT-urchinH09,Crustose Coralline,Lithothamnion glaciale,,Lumpy/Warty Lithothamnion like sp2,Lithothamnion,Lumpy-Lithoth,Danielle Lacasse,2021-02-28,24hrs,12:59,3.318,4,0,2,9,,15,
middle,H,9,H09,10:42:00 AM,2021-02-27,Antibiotic,yes,BAT-urchinH09,Crustose Coralline,Lithothamnion glaciale,,Lumpy/Warty Lithothamnion like sp2,Lithothamnion,Lumpy-Lithoth,Tereno Johson,2021-03-01,48hrs,14:39,3.318,6,0,0,14,,20,
bottom,N,7,N07,11:17:00 AM,2021-02-27,Antibiotic,yes,BAT-urchinN07,Crustose Coralline,Lithothamnion glaciale,,Lumpy/Warty Lithothamnion like sp2,Lithothamnion,Lumpy-Lithoth,Tereno Johson,2021-02-28,24hrs,14:45,1.844,4,2,0,10,,16,yes
bottom,N,7,N07,11:17:00 AM,2021-02-27,Antibiotic,yes,BAT-urchinN07,Crustose Coralline,Lithothamnion glaciale,,Lumpy/Warty Lithothamnion like sp2,Lithothamnion,Lumpy-Lithoth,Tereno Johson,2021-03-01,48hrs,16:42,1.844,4,2,3,11,,20,yes
